CustomerID,Age,Education,Income,Occupation,Gender,Marital Status,Settlement Size
1,67,2,124670,1,1,0,2
2,22,1,150773,1,0,1,2
3,49,1,89210,0,1,0,0
4,45,1,171565,1,1,0,1
5,53,1,149031,1,1,0,1
6,35,1,144848,0,1,0,0
7,53,1,156495,1,1,0,1
8,35,1,193621,2,1,0,1
9,61,2,151591,0,1,1,0
10,28,1,174646,2,1,1,0
11,25,1,108469,1,0,1,0
12,24,1,127596,1,0,1,0
13,22,1,108687,1,0,1,2
14,60,2,89374,0,1,0,0
15,28,1,102899,1,0,1,1
16,32,1,88428,0,0,1,0
17,53,1,125550,1,1,0,0
18,25,0,157434,1,1,0,2
19,44,2,261952,2,0,1,2
20,31,0,144657,1,1,0,1
21,48,1,118777,1,1,0,1
22,44,1,147511,1,1,0,1
23,48,1,89804,0,1,0,0
24,44,1,134918,1,1,0,2
25,26,1,103667,1,1,1,2
26,36,1,71909,0,1,0,0
27,39,1,68264,0,1,1,0
28,42,2,163025,1,0,1,1
29,34,1,119307,1,1,0,1
30,63,2,175882,1,1,0,0
31,36,1,159646,1,1,1,1
32,27,0,120131,1,1,0,1
33,30,0,162745,1,1,0,2
34,57,2,87605,0,1,0,0
35,33,1,155569,2,0,1,1
36,25,0,104505,0,1,0,0
37,31,0,143385,1,1,0,2
38,37,1,127676,1,1,0,1
39,37,1,119276,1,1,0,1
40,24,0,92542,1,1,0,1
41,30,0,163329,2,1,0,1
42,26,1,130921,1,1,1,0
43,44,1,133658,0,1,0,0
44,24,1,155104,1,1,1,1
45,58,2,142335,0,0,1,1
46,35,1,138387,2,0,1,1
47,39,1,140182,1,1,0,0
48,23,1,65421,0,0,1,0
49,39,1,130500,0,1,0,0
50,28,1,122831,1,0,1,0
51,29,0,84531,0,1,0,0
52,30,0,180196,2,1,0,2
53,25,0,92058,1,1,0,2
54,31,0,117158,1,1,0,0
55,57,2,135830,1,1,0,1
56,26,0,58258,0,1,0,0
57,52,1,202575,2,1,0,2
58,31,1,183657,1,0,1,1
59,23,1,152267,2,0,1,1
60,23,1,115240,0,0,1,0
61,27,1,106955,1,1,1,2
62,50,1,123641,1,1,0,1
63,61,2,166410,2,1,0,1
64,25,0,227385,1,1,0,2
65,26,1,118372,1,0,1,1
66,48,1,148115,1,1,0,1
67,29,1,111069,1,0,1,0
68,22,1,139780,1,1,1,0
69,37,1,106978,1,1,0,2
70,25,1,110019,1,0,1,2
71,30,1,169102,1,0,1,1
72,46,1,73703,0,1,0,0
73,51,1,141858,2,1,0,2
74,41,2,135959,0,0,1,0
75,40,1,140888,2,1,0,2
76,66,2,157299,2,1,0,2
77,34,1,125187,1,1,0,1
78,51,1,155486,1,1,0,2
79,39,1,151697,0,1,0,0
80,22,1,126400,1,1,1,1
81,44,2,159246,1,0,1,2
82,47,1,136138,1,1,0,1
83,24,1,84792,0,0,1,0
84,58,2,100210,0,0,1,0
85,52,1,93706,0,1,0,0
86,29,1,133783,2,0,1,1
87,27,1,110064,1,0,1,2
88,47,1,241068,1,1,0,1
89,30,0,149022,2,1,0,2
90,28,0,92973,1,1,0,2
91,56,1,110605,1,1,0,1
92,54,1,116604,1,1,0,1
93,33,1,71070,0,0,1,0
94,20,0,128678,1,1,0,1
95,54,1,165230,1,1,0,2
96,58,2,268340,1,1,0,1
97,61,2,135070,1,0,1,1
98,34,1,134794,1,1,0,2
99,36,1,120153,1,1,0,1
100,36,1,195465,2,1,0,2
101,41,1,93372,0,1,1,0
102,24,0,110446,1,1,0,0
103,24,1,95186,1,0,1,1
104,35,1,115343,1,1,0,1
105,26,1,107276,1,1,1,1
106,39,1,244716,2,1,0,2
107,39,1,183108,2,1,0,2
108,32,0,152876,1,1,0,2
109,30,1,165147,1,0,1,0
110,35,1,140520,1,1,1,0
111,31,1,124203,1,1,1,1
112,23,1,107205,1,0,1,1
113,28,0,121432,0,1,0,2
114,25,1,162445,1,0,1,0
115,35,1,134112,1,1,1,1
116,47,1,131842,1,1,0,1
117,30,1,189896,2,0,1,0
118,27,1,109099,1,0,1,2
119,23,1,153539,1,0,1,1
120,36,1,180495,2,1,1,1
121,25,1,104653,1,0,1,2
122,41,2,166933,2,0,1,2
123,24,0,66118,0,1,0,0
124,63,2,135754,1,1,0,0
125,27,1,116103,1,0,1,2
126,30,0,104293,1,1,0,1
127,40,1,71702,0,1,1,0
128,30,0,99066,1,1,0,2
129,34,1,143979,2,1,0,2
130,29,1,123818,1,0,1,0
131,24,1,176714,1,0,1,2
132,29,0,149249,1,1,0,2
133,27,0,77535,0,1,0,0
134,47,1,116540,1,1,0,1
135,21,1,194728,1,0,1,0
136,38,1,109311,1,0,1,2
137,27,0,204723,1,1,0,2
138,66,2,126003,0,1,0,0
139,35,1,123109,1,1,0,1
140,44,2,108251,0,0,1,0
141,27,1,89908,0,1,1,0
142,30,1,176057,2,0,1,1
143,27,0,144332,2,1,0,2
144,22,0,101185,1,1,0,1
145,23,1,107406,1,0,1,2
146,30,0,140665,1,1,0,1
147,39,2,106461,1,0,1,0
148,51,2,127825,1,0,1,0
149,28,0,133898,1,1,0,1
150,46,1,152383,1,1,0,2
151,42,1,119926,1,1,0,0
152,38,1,108784,1,1,0,2
153,24,0,153286,1,1,0,1
154,29,1,214204,1,0,1,2
155,36,1,208101,2,1,0,2
156,20,1,95355,1,0,1,1
157,48,1,124156,1,1,0,1
158,45,2,72215,0,1,1,0
159,38,1,146529,1,1,0,2
160,34,1,75343,0,1,0,0
161,36,1,129789,1,1,0,1
162,30,1,101153,1,0,1,1
163,36,1,127833,1,1,0,2
164,70,2,224998,2,1,0,2
165,36,1,124445,1,1,0,2
166,32,0,141116,1,1,0,1
167,33,1,104276,1,0,1,2
168,20,1,147687,1,0,1,2
169,25,1,125168,1,0,1,1
170,31,1,115369,1,1,1,2
171,33,1,95445,1,1,0,0
172,26,1,95159,1,0,1,1
173,34,1,153031,2,0,1,2
174,33,1,108899,1,1,0,0
175,26,0,113515,1,1,0,1
176,53,2,211229,2,0,1,0
177,42,2,121307,1,1,1,0
178,52,1,131727,1,1,0,2
179,31,0,133574,2,1,0,1
180,65,2,117334,1,1,0,0
181,28,1,177291,1,1,1,2
182,30,1,168763,2,1,1,1
183,40,1,77720,0,1,0,0
184,50,1,176645,1,1,0,2
185,36,1,106205,1,1,0,1
186,31,0,97785,1,1,0,1
187,74,3,214364,2,0,1,1
188,68,2,74525,0,1,0,0
189,20,1,98988,1,1,1,0
190,33,1,133561,1,0,1,1
191,54,1,217651,2,1,0,2
192,34,1,116525,0,1,0,0
193,36,1,135302,1,1,0,2
194,29,1,106434,1,1,1,1
195,21,0,128350,1,1,0,2
196,34,1,147626,2,0,1,2
197,28,1,102697,1,0,1,0
198,27,1,120262,1,0,1,0
199,36,1,124214,1,1,0,2
200,40,1,175223,2,1,1,1
201,52,1,137467,1,1,0,0
202,27,1,65815,0,1,1,0
203,26,0,129864,1,1,0,1
204,21,1,88475,1,1,1,1
205,38,1,74666,0,1,0,0
206,38,1,222294,2,1,0,2
207,43,1,112878,1,1,0,0
208,26,0,103411,1,1,0,2
209,21,1,112868,0,1,1,0
210,55,1,157940,1,1,0,2
211,33,1,115835,1,1,0,2
212,45,2,109807,0,0,1,0
213,50,1,150699,1,1,0,1
214,66,2,178967,2,1,0,0
215,51,1,132767,1,1,0,0
216,39,2,86152,0,0,1,0
217,31,0,114528,1,1,0,2
218,23,0,133912,1,1,0,1
219,24,1,81210,0,1,1,0
220,64,3,131242,1,0,1,0
221,26,1,68804,0,1,1,0
222,23,1,96961,1,0,1,1
223,30,0,90719,1,1,0,2
224,32,0,114116,1,1,0,1
225,30,0,128639,1,1,0,1
226,27,0,106623,1,1,0,1
227,27,0,236264,1,1,0,1
228,53,1,207783,2,1,0,1
229,22,0,91739,1,1,0,1
230,22,0,107780,1,1,0,2
231,26,0,139157,1,1,0,2
232,51,1,121751,0,1,0,0
233,35,1,121974,1,1,0,0
234,25,1,70320,0,1,1,0
235,42,1,78327,0,1,0,0
236,30,0,131433,2,1,0,0
237,23,0,167076,0,1,0,2
238,61,2,130788,0,1,1,0
239,35,1,107408,1,0,1,1
240,39,1,115323,1,1,0,1
241,29,1,99012,1,0,1,0
242,51,1,115996,1,1,0,1
243,24,0,123353,1,1,0,1
244,27,1,100008,1,0,1,0
245,35,1,125105,0,0,1,0
246,25,0,92020,1,1,0,2
247,52,1,108365,1,1,0,2
248,35,1,112979,1,1,0,0
249,26,0,117221,1,1,0,1
250,22,1,88800,1,0,1,2
251,39,2,115099,0,0,1,0
252,46,2,113399,0,0,1,0
253,24,1,115879,1,0,1,1
254,35,1,141270,1,1,0,2
255,24,0,107633,1,1,0,1
256,27,0,131751,0,1,0,0
257,35,1,83687,0,1,0,0
258,29,1,106828,1,1,1,2
259,23,1,135537,1,0,1,1
260,57,2,107142,0,0,1,0
261,27,0,97446,1,1,0,1
262,55,2,126357,1,0,1,2
263,36,1,169617,2,1,0,1
264,57,2,108945,0,0,1,0
265,32,0,67345,0,1,0,0
266,37,1,106215,1,1,0,0
267,36,1,149237,1,1,0,0
268,38,1,112124,1,0,1,0
269,45,2,215150,2,1,1,2
270,25,0,89534,1,1,0,1
271,32,0,111082,1,1,0,2
272,37,1,137069,1,0,1,1
273,36,1,244541,2,1,0,2
274,28,0,120712,1,1,0,1
275,34,1,175367,0,1,1,0
276,32,0,111418,1,1,0,1
277,26,1,110913,1,0,1,0
278,49,2,84267,0,1,1,0
279,32,1,136886,1,0,1,2
280,29,0,144884,2,1,0,2
281,23,0,151180,1,1,0,1
282,50,1,114997,1,1,0,1
283,49,1,100961,0,1,0,0
284,63,2,124849,1,1,0,2
285,37,1,152308,1,1,1,2
286,35,1,167945,0,0,1,1
287,26,0,126706,1,1,0,2
288,31,0,210017,2,1,0,2
289,49,2,125665,1,0,1,1
290,48,2,111184,1,1,1,1
291,26,1,94134,1,1,1,0
292,28,1,214620,2,1,1,1
293,44,2,193816,2,0,1,1
294,56,1,168714,1,1,0,1
295,46,2,202997,2,1,1,1
296,26,1,192451,1,0,1,2
297,20,1,127928,1,0,1,2
298,45,1,78253,0,1,0,0
299,43,1,118446,1,1,0,1
300,32,0,161379,1,1,0,2
301,54,2,56622,0,0,1,0
302,42,2,146117,1,0,1,1
303,37,1,90418,0,1,0,0
304,49,1,109053,1,1,0,0
305,44,1,219319,1,1,0,0
306,33,1,144701,1,1,1,1
307,24,1,102425,0,0,1,0
308,33,1,79867,0,1,1,0
309,24,1,107114,1,0,1,2
310,22,1,62263,0,1,1,0
311,40,1,92567,0,1,0,0
312,25,0,146349,1,1,0,0
313,26,1,141825,1,0,1,1
314,25,1,68582,0,1,1,0
315,29,0,85476,0,1,0,0
316,31,0,111091,1,1,0,2
317,38,1,67110,0,1,0,0
318,48,2,126154,0,0,1,0
319,32,0,92257,1,1,0,2
320,27,1,93605,0,0,1,0
321,28,1,165190,2,1,1,0
322,32,1,107195,1,1,1,0
323,34,1,145059,2,1,0,0
324,28,0,148363,1,1,0,0
325,36,1,105681,1,0,1,2
326,39,1,93732,0,1,0,0
327,49,1,154778,1,1,0,2
328,34,1,149356,1,0,1,2
329,31,0,145670,1,1,0,1
330,28,0,101589,1,1,0,2
331,75,2,213333,2,1,0,1
332,30,1,122420,1,0,1,0
333,24,1,209856,2,0,1,1
334,24,1,181003,0,0,1,0
335,23,0,117804,1,1,0,1
336,44,2,160650,2,1,1,1
337,23,1,84611,0,0,1,0
338,24,1,98479,1,0,1,2
339,28,0,122359,1,1,0,2
340,31,1,81394,0,1,1,0
341,24,1,150372,1,0,1,1
342,26,1,92385,0,0,1,0
343,25,1,149851,1,1,1,2
344,33,1,167939,2,1,0,1
345,37,1,115426,0,1,0,0
346,43,2,85402,0,0,1,0
347,23,0,95815,1,1,0,2
348,23,1,97518,0,0,1,0
349,34,1,87355,0,1,0,0
350,32,0,145933,1,1,0,1
351,23,1,97307,1,0,1,0
352,29,1,108434,1,0,1,2
353,38,1,151312,2,1,0,1
354,28,0,141847,1,1,0,1
355,46,1,130675,1,1,0,2
356,23,0,69309,0,1,0,0
357,49,1,121466,1,1,0,2
358,26,0,153586,2,1,0,2
359,28,1,92849,1,1,1,0
360,23,1,108539,1,0,1,2
361,61,2,129556,1,1,0,2
362,37,1,170146,2,1,0,0
363,36,1,135383,1,0,1,1
364,21,1,96769,1,1,1,2
365,25,0,43684,0,1,0,0
366,36,1,103521,1,1,0,0
367,27,0,118499,1,1,0,1
368,22,1,119684,1,0,1,2
369,42,1,126586,1,1,0,1
370,40,2,136812,1,0,1,2
371,36,1,118277,1,1,0,1
372,33,1,144597,1,1,0,1
373,23,1,106043,1,0,1,0
374,63,2,272314,2,1,0,2
375,60,2,309364,2,0,1,2
376,37,1,170386,1,0,1,1
377,34,1,112458,1,1,1,0
378,36,1,96840,1,1,0,1
379,57,2,281923,2,1,0,1
380,52,2,95551,0,0,1,0
381,39,1,112347,1,1,0,2
382,38,1,260977,2,0,1,2
383,25,1,99354,1,0,1,0
384,26,0,111509,1,1,0,2
385,26,0,105252,0,1,0,0
386,25,1,108522,1,0,1,0
387,21,1,94655,1,0,1,1
388,40,1,201699,2,1,0,1
389,27,0,139868,1,1,0,2
390,27,1,102543,1,0,1,1
391,30,1,134467,2,1,1,2
392,19,1,111187,0,0,1,0
393,39,1,152302,2,1,0,1
394,31,1,110610,1,0,1,2
395,31,0,137827,2,1,0,2
396,32,0,220923,1,1,0,2
397,55,2,165717,2,0,1,2
398,46,2,122299,1,1,1,0
399,46,2,120499,1,1,1,0
400,43,2,126449,0,0,1,0
401,39,1,108315,1,1,1,2
402,28,1,112515,1,1,1,1
403,27,0,164559,1,1,0,1
404,27,0,59238,0,1,0,0
405,43,1,131133,1,1,0,0
406,22,1,109188,1,1,1,0
407,43,1,115393,1,1,0,1
408,27,1,94711,1,1,1,2
409,26,1,171860,2,1,1,0
410,28,1,139414,1,1,1,2
411,20,1,110931,1,0,1,1
412,35,1,187549,2,1,0,2
413,42,1,145508,2,1,0,0
414,40,1,104240,0,1,0,0
415,35,1,108272,1,0,1,1
416,35,1,144004,1,1,0,2
417,33,1,81083,0,1,0,0
418,23,1,166763,1,0,1,1
419,31,1,175530,2,0,1,1
420,33,1,112422,1,0,1,1
421,20,1,154134,1,0,1,2
422,30,0,112401,1,1,0,1
423,47,1,85690,0,1,0,0
424,34,1,145896,2,1,0,2
425,25,1,122552,1,0,1,2
426,21,1,115494,1,1,1,2
427,29,0,109467,1,1,0,0
428,46,1,148226,1,1,0,2
429,20,0,88559,1,1,0,1
430,55,2,62393,0,0,1,0
431,74,2,122133,0,1,0,0
432,29,0,230883,2,1,0,2
433,36,1,136689,2,1,0,2
434,33,1,109145,1,1,1,0
435,25,0,100449,1,1,0,2
436,25,1,106253,1,1,1,0
437,23,1,84747,0,1,1,0
438,37,1,149465,1,0,1,1
439,65,2,84435,0,1,0,0
440,26,1,51681,0,0,1,0
441,39,1,139198,2,1,0,1
442,30,1,106577,1,0,1,1
443,29,0,117372,1,1,0,2
444,41,1,69609,0,1,0,0
445,30,1,178947,2,0,1,2
446,41,2,81743,0,0,1,0
447,34,1,111900,1,0,1,1
448,35,1,121650,1,1,0,0
449,55,2,172639,2,0,1,2
450,61,2,175740,1,1,1,1
451,30,0,220050,2,1,0,2
452,29,1,95200,1,0,1,1
453,34,1,113609,1,1,0,1
454,35,1,143552,2,1,0,2
455,31,0,130973,1,1,0,2
456,29,1,145946,2,0,1,2
457,36,1,126206,1,1,0,1
458,35,1,120426,1,1,0,0
459,27,1,91925,1,0,1,2
460,32,0,129630,1,1,0,2
461,37,1,124268,1,1,0,2
462,36,1,105240,1,1,0,1
463,34,1,162180,2,0,1,0
464,38,1,106552,1,1,0,2
465,34,1,105843,1,1,0,2
466,63,2,138327,1,1,0,1
467,29,1,76154,0,0,1,0
468,32,0,155012,1,1,0,1
469,26,1,114369,1,0,1,1
470,35,1,102839,0,1,0,0
471,22,1,132796,1,1,1,0
472,23,1,89742,1,0,1,2
473,28,0,58615,0,1,0,0
474,36,1,130603,2,1,0,2
475,33,1,110340,1,1,1,0
476,26,1,117729,1,0,1,2
477,24,0,130808,1,1,0,0
478,25,0,147402,1,1,0,2
479,39,1,93567,0,1,0,0
480,44,1,109289,1,1,0,1
481,23,1,98742,0,0,1,0
482,26,0,101270,1,1,0,0
483,57,2,187835,1,0,1,1
484,30,1,140741,1,0,1,0
485,44,1,133265,1,1,0,2
486,47,1,148100,2,1,0,2
487,52,1,131021,1,1,0,2
488,62,2,152620,1,0,1,2
489,35,1,85033,0,1,0,0
490,26,0,114514,1,1,0,1
491,26,0,99307,1,1,0,1
492,42,2,219451,2,0,1,2
493,27,1,114007,1,0,1,0
494,38,1,102846,1,1,0,0
495,39,1,81483,0,1,0,0
496,20,1,107779,1,1,1,2
497,29,0,222360,2,1,0,2
498,40,1,107125,1,1,0,0
499,32,1,80080,0,1,1,0
500,28,1,129600,1,1,1,0
501,27,1,118613,1,0,1,1
502,42,1,146237,1,1,0,1
503,49,2,144461,1,1,1,2
504,38,1,124487,1,1,0,0
505,24,1,97826,1,0,1,0
506,27,0,64105,0,1,0,0
507,36,1,156374,1,1,0,2
508,34,1,205383,2,1,0,2
509,28,1,98964,1,1,1,2
510,45,1,221842,2,1,0,2
511,26,0,88027,1,1,0,2
512,32,0,160513,2,1,0,2
513,26,0,124536,1,1,0,2
514,20,1,93634,1,1,1,0
515,54,1,124725,1,1,0,0
516,37,1,102456,1,0,1,0
517,40,1,74975,0,1,0,0
518,23,1,153861,1,0,1,1
519,43,1,119351,1,1,0,2
520,36,1,95438,1,1,0,2
521,44,1,147967,1,1,0,2
522,24,1,116863,1,0,1,1
523,53,1,170622,1,1,0,1
524,23,1,132426,1,0,1,1
525,26,1,77519,0,0,1,0
526,30,0,169405,1,1,0,2
527,31,1,120030,1,0,1,0
528,42,1,77933,0,1,0,0
529,31,1,109892,1,1,1,1
530,41,1,69062,0,1,0,0
531,32,0,116348,1,1,0,0
532,28,1,137188,1,0,1,1
533,41,1,110199,1,1,1,0
534,26,1,109890,1,1,1,1
535,25,0,109751,1,1,0,2
536,33,1,129651,1,1,1,1
537,75,3,170113,2,0,1,1
538,37,1,140285,1,0,1,1
539,42,1,198029,2,1,0,2
540,45,2,120262,0,0,1,0
541,23,1,105137,1,1,1,1
542,60,2,127371,1,1,0,0
543,31,0,145689,1,1,0,0
544,34,1,102617,0,1,0,1
545,61,2,90709,0,1,0,0
546,43,1,107099,1,1,0,1
547,37,1,116021,1,0,1,2
548,32,0,100426,1,1,0,2
549,24,1,62249,0,0,1,0
550,35,1,172957,1,1,0,1
551,23,1,95003,1,0,1,1
552,45,1,109698,0,1,0,0
553,34,1,157376,1,1,1,0
554,27,0,123191,1,1,0,2
555,67,3,171052,2,0,1,0
556,22,0,99328,1,1,0,0
557,28,1,133799,1,0,1,2
558,29,1,138256,1,0,1,2
559,27,0,115638,1,1,0,0
560,31,0,82238,0,1,0,0
561,49,1,127543,1,1,0,1
562,24,0,63987,0,1,0,0
563,29,1,114784,1,0,1,0
564,37,1,217450,1,1,0,1
565,37,1,173751,2,1,0,2
566,23,1,122850,1,0,1,0
567,36,1,104953,1,1,1,0
568,34,1,152371,1,1,0,1
569,41,1,139905,1,1,0,0
570,31,1,156700,1,0,1,1
571,23,1,86488,0,0,1,0
572,38,1,147472,1,1,0,0
573,26,1,169991,2,0,1,0
574,22,1,62381,0,0,1,0
575,27,0,70926,0,1,0,0
576,24,1,113004,1,0,1,1
577,27,1,125760,1,0,1,0
578,33,1,111918,1,0,1,2
579,27,1,120674,1,1,1,1
580,27,1,63597,0,1,1,0
581,30,0,103069,1,1,0,1
582,49,1,108079,0,1,0,0
583,26,1,101159,1,0,1,1
584,33,1,88211,0,1,0,0
585,52,2,159052,2,0,1,1
586,20,1,102623,1,0,1,2
587,36,1,115589,1,1,0,0
588,21,0,59127,0,1,0,0
589,47,2,82240,0,1,1,0
590,60,2,129425,1,1,0,1
591,58,2,87058,0,0,1,0
592,42,2,128462,1,0,1,2
593,36,1,121403,0,0,1,0
594,20,1,88141,0,0,1,0
595,40,1,134946,2,1,0,2
596,32,1,94058,0,0,1,0
597,23,1,99285,1,0,1,1
598,36,1,108432,0,1,0,0
599,31,0,111369,1,1,0,0
600,32,0,122612,1,1,0,2
601,45,2,134350,1,0,1,0
602,30,1,108838,1,0,1,2
603,34,1,90852,0,0,1,0
604,28,1,151580,2,0,1,2
605,23,1,115681,1,0,1,1
606,22,0,131699,1,1,0,1
607,74,2,192481,2,1,0,1
608,50,2,155122,1,0,1,2
609,33,1,106015,1,1,0,2
610,45,1,108378,1,1,0,0
611,22,1,105257,1,0,1,1
612,48,2,118788,0,0,1,0
613,29,1,162955,1,0,1,2
614,22,1,119511,1,0,1,2
615,22,1,102000,1,0,1,0
616,48,1,254449,2,1,0,1
617,27,0,208446,2,1,0,2
618,37,1,124805,1,1,0,0
619,21,1,139379,1,0,1,0
620,49,2,78296,0,1,1,0
621,27,0,125598,1,1,0,1
622,32,0,100215,1,1,0,2
623,38,1,130951,1,1,1,2
624,22,1,102480,1,0,1,2
625,65,2,136812,1,1,0,1
626,35,1,106919,1,1,0,1
627,41,1,131020,1,1,0,2
628,29,0,119429,1,1,0,1
629,36,1,154521,1,1,0,1
630,64,2,117842,0,1,0,0
631,28,1,124566,1,0,1,2
632,44,1,110009,1,1,0,2
633,23,0,101210,1,1,0,1
634,19,1,101258,1,0,1,0
635,25,1,79045,0,0,1,0
636,47,1,110866,1,1,0,0
637,28,1,129640,1,0,1,2
638,21,0,227021,1,1,0,1
639,34,1,108549,1,0,1,1
640,26,0,122693,1,1,0,0
641,27,1,35832,0,0,1,0
642,38,1,81870,0,1,0,0
643,40,1,179790,2,1,0,2
644,33,1,107158,1,1,1,1
645,32,1,136638,2,1,1,1
646,27,0,158147,1,1,0,2
647,32,1,132587,1,1,1,2
648,26,1,128140,1,0,1,2
649,38,1,117405,1,1,0,1
650,40,1,68475,0,1,0,0
651,50,1,201656,2,1,0,2
652,37,1,86967,0,1,0,0
653,45,1,118006,1,1,0,1
654,42,1,223630,2,1,0,2
655,35,1,110442,1,1,0,0
656,22,0,115691,1,1,0,2
657,41,1,80232,0,1,0,0
658,37,1,187647,1,1,0,1
659,28,1,138952,1,0,1,1
660,41,1,162772,1,1,0,2
661,23,1,111862,1,1,1,1
662,23,1,90051,1,1,1,1
663,50,1,121400,1,1,0,1
664,35,1,137000,2,1,0,2
665,50,2,105031,0,0,1,0
666,27,0,172153,2,1,0,2
667,34,1,170184,1,1,0,1
668,27,1,123279,1,0,1,1
669,43,1,140795,1,1,0,0
670,47,1,144456,1,1,0,0
671,27,0,104773,0,1,0,0
672,31,0,153353,1,1,0,1
673,42,1,223018,2,1,0,1
674,24,1,129177,1,1,1,2
675,41,1,114475,0,1,0,1
676,26,1,161323,2,0,1,1
677,33,1,135765,1,1,0,2
678,24,1,158421,1,1,1,0
679,64,2,103941,0,1,0,0
680,26,1,101783,1,0,1,2
681,56,2,126531,1,0,1,1
682,37,1,111394,1,1,0,1
683,33,1,103577,1,1,1,2
684,47,2,149545,1,1,1,1
685,31,0,171857,0,1,0,0
686,34,1,149782,1,1,0,1
687,27,0,112470,1,1,0,1
688,30,0,133907,1,1,0,2
689,35,1,127849,1,1,0,1
690,31,0,160279,1,1,0,2
691,25,1,92366,1,1,1,2
692,25,1,104794,0,0,1,0
693,29,0,133436,1,1,0,1
694,44,1,110374,0,1,0,0
695,28,0,104263,1,1,0,1
696,50,1,138752,1,1,0,0
697,29,0,102723,1,1,0,0
698,38,1,46297,0,0,1,0
699,24,0,96425,1,1,0,1
700,40,1,158197,2,1,0,1
701,29,1,98008,0,0,1,0
702,46,1,157473,1,1,0,0
703,47,2,149306,1,0,1,0
704,41,1,139236,1,1,0,1
705,32,1,125890,1,0,1,2
706,35,1,173124,1,0,1,1
707,24,0,164621,1,1,0,1
708,25,1,124539,1,0,1,1
709,25,1,107614,1,0,1,1
710,37,1,88849,0,1,0,0
711,32,0,148566,2,1,0,2
712,35,1,106515,1,0,1,2
713,46,1,150465,2,1,0,1
714,25,0,60868,0,1,0,0
715,27,0,255198,2,1,0,2
716,63,2,183178,1,1,0,1
717,40,1,121448,1,1,0,2
718,32,0,129975,2,1,0,2
719,31,0,132950,1,1,0,2
720,31,1,169314,1,1,1,1
721,34,1,147958,2,1,0,1
722,24,1,139896,1,0,1,2
723,24,1,68028,0,0,1,0
724,66,3,133328,0,0,1,0
725,21,1,108518,1,0,1,2
726,41,2,112700,0,0,1,0
727,47,2,110190,0,1,1,0
728,25,1,105104,1,0,1,1
729,59,2,184753,1,0,1,1
730,36,1,162521,1,1,1,2
731,33,1,156794,1,1,0,1
732,21,0,65827,0,1,0,0
733,44,2,88490,0,0,1,0
734,28,1,154919,1,0,1,2
735,37,1,129058,1,0,1,0
736,29,1,77532,0,0,1,0
737,23,1,235417,2,0,1,2
738,35,1,113468,0,1,0,0
739,45,1,190803,2,1,0,2
740,26,1,121423,0,0,1,0
741,32,0,121347,1,1,0,1
742,23,0,67408,0,1,0,0
743,41,1,123043,1,1,0,1
744,22,0,128387,1,1,0,2
745,30,0,250050,2,1,0,1
746,28,0,69588,0,1,0,0
747,23,1,109547,1,0,1,1
748,37,1,78840,0,0,1,0
749,26,0,131122,1,1,0,0
750,33,1,115403,1,1,0,1
751,49,2,110291,1,0,1,2
752,23,1,64811,0,0,1,0
753,23,1,86015,0,0,1,0
754,25,1,142438,1,0,1,2
755,55,1,159303,1,1,0,1
756,32,1,104957,1,0,1,1
757,74,2,89502,0,1,0,0
758,39,1,121313,1,1,0,1
759,31,0,98102,1,1,0,0
760,35,1,94554,1,1,0,1
761,59,2,162591,1,0,1,1
762,24,1,106629,1,0,1,2
763,24,0,70400,0,1,0,0
764,30,0,235660,2,1,0,2
765,27,1,121747,1,1,1,2
766,40,1,85060,0,1,1,0
767,31,1,87630,0,1,1,0
768,31,1,119673,1,0,1,0
769,28,0,126060,1,1,0,2
770,63,2,96145,0,1,0,0
771,26,1,114830,1,0,1,0
772,25,1,194461,2,0,1,2
773,36,1,150158,2,1,0,2
774,52,1,136323,1,1,0,2
775,66,2,111858,0,1,0,0
776,25,1,100198,1,0,1,0
777,37,1,123452,1,1,0,2
778,25,1,120723,1,0,1,1
779,38,1,215639,2,1,0,1
780,67,3,166712,1,0,1,1
781,25,0,136300,1,1,0,1
782,60,2,166988,1,1,0,2
783,31,0,77265,0,1,0,0
784,23,1,85967,0,0,1,0
785,60,2,212020,2,1,1,0
786,35,1,126054,0,1,0,0
787,40,1,144589,1,1,0,0
788,38,1,116723,1,1,0,1
789,50,1,168637,1,1,0,1
790,27,0,139119,1,1,0,1
791,39,2,118610,1,0,1,2
792,41,1,183312,2,1,0,2
793,27,1,96323,1,1,1,0
794,51,2,149510,1,1,1,2
795,32,0,141922,1,1,0,2
796,22,1,120233,1,0,1,0
797,51,1,172790,1,1,0,1
798,22,1,66720,0,0,1,0
799,54,2,113024,1,1,1,1
800,35,1,51791,0,1,0,0
801,54,1,118408,1,1,0,2
802,48,2,101616,0,0,1,0
803,24,1,127250,1,0,1,0
804,35,1,97290,1,1,0,0
805,24,1,106970,0,0,1,0
806,24,0,168147,1,1,0,2
807,26,1,68468,0,1,1,0
808,65,2,120780,1,1,0,2
809,55,1,231992,2,1,0,2
810,26,1,53903,0,0,1,0
811,26,1,101511,1,1,1,2
812,28,1,69046,0,1,1,0
813,24,0,171584,1,1,0,1
814,54,1,132367,1,1,0,2
815,46,1,134433,1,1,0,2
816,54,2,190518,1,0,1,0
817,62,2,152367,1,1,1,1
818,24,1,101157,1,0,1,1
819,43,2,279593,2,1,1,2
820,26,1,96716,1,1,1,2
821,27,1,95171,1,1,1,0
822,24,1,129162,1,1,1,2
823,41,1,118742,1,1,0,0
824,47,1,74511,0,1,0,0
825,35,1,157272,2,1,1,1
826,30,1,102374,1,1,1,0
827,33,1,131492,1,0,1,0
828,36,1,128702,1,1,0,2
829,47,1,177509,1,1,0,2
830,38,1,163451,1,1,0,1
831,44,1,144900,1,1,0,1
832,23,1,97115,1,0,1,2
833,29,0,196568,1,1,0,2
834,42,2,158405,1,0,1,0
835,25,1,97376,0,0,1,0
836,48,1,108678,1,1,0,1
837,21,1,92351,1,0,1,0
838,23,1,61211,0,0,1,0
839,63,2,138644,1,1,0,0
840,46,2,124824,1,1,1,2
841,29,0,132852,1,1,0,0
842,28,0,81069,0,1,0,0
843,23,1,104094,1,0,1,2
844,50,1,114853,1,1,0,0
845,47,1,130344,1,1,0,2
846,35,1,135090,1,1,0,0
847,68,2,179151,1,1,0,2
848,28,1,97390,1,1,1,1
849,59,2,120160,1,1,0,0
850,57,2,82277,0,1,0,0
851,33,1,110844,1,1,1,2
852,43,1,133105,1,1,0,0
853,35,1,102042,1,1,0,0
854,32,0,69370,0,1,0,0
855,45,1,200298,1,1,0,1
856,33,1,117039,1,1,1,2
857,40,2,107585,1,0,1,2
858,28,0,114429,1,1,0,0
859,29,1,128234,1,0,1,2
860,26,0,128580,1,1,0,2
861,27,0,177757,1,1,0,1
862,28,1,106222,1,1,1,0
863,35,1,118428,1,0,1,2
864,32,0,139477,0,1,0,0
865,25,0,71159,0,1,0,0
866,20,1,131370,1,0,1,2
867,27,1,111567,1,0,1,2
868,42,1,125482,1,1,0,2
869,37,1,160642,1,1,0,2
870,24,1,92498,1,0,1,0
871,40,2,199711,1,0,1,2
872,46,1,127588,1,1,0,2
873,26,0,107508,1,1,0,2
874,24,1,94629,1,0,1,2
875,29,0,87598,0,1,0,2
876,40,2,161194,1,0,1,1
877,36,1,137342,2,1,0,2
878,28,0,116848,1,1,0,1
879,27,0,125190,2,1,0,1
880,36,1,153441,1,1,0,0
881,38,1,195328,2,1,0,2
882,48,2,190413,1,1,1,0
883,36,1,118656,1,1,0,1
884,65,3,69487,0,0,1,0
885,43,2,145313,1,1,1,1
886,53,2,117005,1,0,1,1
887,34,1,123243,1,1,0,1
888,23,0,237799,1,1,0,1
889,34,1,180617,2,1,0,2
890,40,1,167019,1,1,0,0
891,43,1,147745,2,1,0,2
892,46,1,114254,1,1,0,1
893,38,1,81155,0,1,0,0
894,34,1,151803,1,1,0,2
895,29,0,94356,1,1,0,2
896,31,0,200621,2,1,0,2
897,28,1,144448,2,0,1,1
898,35,1,150797,1,0,1,0
899,33,1,84404,0,0,1,0
900,42,1,133373,1,1,0,2
901,43,1,119502,1,1,0,2
902,44,2,131619,1,1,1,0
903,42,1,194084,1,1,0,2
904,40,1,108278,1,1,1,1
905,36,1,130987,2,1,0,1
906,20,0,116582,2,1,0,2
907,24,0,85270,0,1,0,0
908,27,1,129227,1,1,1,0
909,46,2,108291,0,0,1,0
910,33,1,103091,0,0,1,0
911,34,1,136975,1,0,1,1
912,25,1,111502,0,0,1,0
913,25,1,124750,1,0,1,1
914,28,1,146463,1,1,1,2
915,31,0,115075,1,1,0,0
916,32,1,308491,2,0,1,1
917,32,0,126368,1,1,0,0
918,68,2,287247,2,1,0,2
919,33,1,125535,1,1,1,2
920,39,1,153223,2,1,0,2
921,28,1,106873,1,0,1,1
922,37,1,268906,2,1,0,1
923,22,1,97757,1,0,1,2
924,30,0,112151,1,1,0,1
925,55,2,172909,1,1,1,0
926,46,1,103387,1,1,0,1
927,21,1,93916,1,0,1,2
928,39,1,189963,1,1,0,2
929,58,2,124191,1,1,0,0
930,43,1,77205,0,1,0,0
931,24,0,65917,0,1,0,0
932,22,1,109676,1,0,1,0
933,30,0,95682,1,1,0,2
934,42,1,125516,1,1,0,2
935,23,1,99822,1,0,1,0
936,30,0,154854,2,1,0,1
937,28,1,84582,0,0,1,0
938,30,1,145800,2,1,1,0
939,42,1,162869,1,1,0,1
940,46,1,192379,2,1,0,2
941,45,1,159757,2,1,0,2
942,31,0,69571,0,1,0,0
943,31,0,93648,1,1,0,2
944,42,1,77472,0,1,0,0
945,46,2,121501,1,0,1,0
946,30,1,207262,1,0,1,0
947,30,0,143082,1,1,0,2
948,38,1,147760,2,1,0,1
949,43,2,82082,0,1,1,0
950,31,0,132991,1,1,0,1
951,40,1,78436,0,1,1,0
952,24,0,99737,1,1,0,2
953,28,1,164915,1,0,1,0
954,26,1,223185,2,0,1,1
955,29,1,108400,1,0,1,2
956,57,2,194882,2,0,1,1
957,49,1,122186,0,1,0,0
958,37,1,79594,0,1,0,0
959,45,1,104355,0,1,0,0
960,30,0,135894,1,1,0,2
961,30,1,103699,1,1,1,1
962,47,2,132145,1,1,1,1
963,29,0,117272,1,1,0,2
964,35,1,137932,1,1,0,0
965,22,1,63972,0,1,1,0
966,26,1,113299,1,0,1,2
967,23,0,108540,0,1,0,0
968,54,2,174424,2,0,1,2
969,29,1,154991,1,1,1,2
970,40,1,99723,0,1,0,0
971,22,0,114584,1,1,0,2
972,43,1,135275,0,1,0,0
973,29,1,41680,0,0,1,0
974,36,1,158769,1,1,0,1
975,33,1,120596,1,0,1,0
976,57,2,139641,0,0,1,0
977,64,3,134377,1,0,1,0
978,42,1,125804,1,1,0,2
979,47,1,91858,0,1,0,0
980,25,1,117641,1,1,1,2
981,49,1,188594,1,1,0,1
982,33,1,162827,2,1,0,2
983,28,1,178991,2,0,1,2
984,26,0,159739,1,1,0,1
985,30,0,73401,0,1,0,0
986,25,1,100794,1,0,1,2
987,33,1,167763,1,1,1,1
988,64,3,145174,1,0,1,0
989,29,0,176292,2,1,0,1
990,48,1,94024,0,1,0,0
991,37,1,93740,0,1,0,0
992,34,1,85685,0,1,0,0
993,23,1,69997,0,1,1,0
994,30,0,151938,2,1,0,2
995,50,1,122830,1,1,0,1
996,31,1,78489,0,0,1,0
997,40,1,161999,2,1,1,1
998,38,1,98032,1,1,0,2
999,23,0,96060,1,1,0,0
1000,27,0,147968,1,1,0,1
1001,63,2,134853,1,0,1,1
1002,66,2,157576,2,1,0,2
1003,43,2,203738,2,1,1,1
1004,44,2,280570,2,1,1,2
1005,65,3,69487,0,1,1,2
1006,73,3,214126,2,0,1,1
1007,60,2,136671,1,1,0,1
1008,62,2,174337,1,1,1,1
1009,58,2,126710,1,0,1,1
1010,43,2,167139,2,0,1,2
1011,64,2,122094,1,1,0,2
1012,37,3,170113,2,1,1,2
1013,46,2,192698,2,0,1,1
1014,57,2,144197,1,1,1,2
1015,51,2,133623,1,1,1,1
1016,32,3,171052,2,0,1,2
1017,64,2,130492,1,1,0,2
1018,68,2,135705,1,1,0,1
1019,55,2,171804,2,0,1,2
1020,73,2,192167,2,1,0,1
1021,34,3,134377,1,0,1,2
1022,44,2,146716,1,1,1,1
1023,58,2,267872,1,1,0,1
1024,65,2,142193,0,0,1,1
1025,56,2,183765,1,0,1,1
1026,42,2,218664,2,0,1,2
1027,65,3,145174,1,0,1,2
1028,72,2,224961,2,1,0,2
1029,45,2,262634,2,0,1,2
1030,68,2,287106,2,1,0,2
1031,60,2,166298,2,1,0,1
1032,30,3,133328,0,0,1,2
1033,63,2,129798,1,1,0,1
1034,57,2,281084,2,1,0,1
1035,46,2,160678,1,0,1,2
1036,70,3,167532,1,0,1,1
1037,65,2,178591,1,1,0,2
1038,63,2,273063,2,1,0,2
1039,54,2,149410,1,1,1,2
1040,49,2,124658,1,1,1,2
1041,64,2,153645,1,0,1,2
1042,61,2,308529,2,0,1,2
1043,57,2,155062,1,0,1,2
1044,42,2,199654,1,0,1,2
1045,62,2,124723,1,1,0,2
1046,41,2,127752,1,0,1,2
1047,51,2,157595,2,0,1,1
1048,38,2,135534,1,0,1,2
1049,56,2,166264,2,0,1,2
1050,43,2,147259,1,0,1,1
1051,48,2,161116,1,0,1,1
1052,61,2,139380,1,1,0,1
1053,48,2,213768,2,1,1,2
1054,68,2,125903,1,1,0,2
1055,62,2,163940,1,0,1,1
1056,56,2,173378,2,0,1,2
1057,53,2,126847,1,0,1,1
1058,33,3,166712,1,1,1,2
1059,60,2,189166,1,0,1,1
1060,47,2,161714,1,0,1,1
1061,25,3,214364,2,1,1,2
1062,64,2,184680,1,1,0,1
1063,73,2,214732,2,1,0,1
1064,66,2,152527,1,1,1,1
1065,76,3,170366,2,0,1,1
1066,60,2,194532,2,0,1,1
1067,57,2,125883,1,0,1,2
1068,30,3,131242,1,1,1,2
1069,43,2,159880,2,1,1,1
1070,57,2,165519,1,1,0,2
1071,51,2,149653,1,1,1,1
1072,61,2,134102,1,0,1,1
1073,64,2,159378,2,1,0,2
1074,41,2,205476,2,1,1,1
1075,43,2,280566,2,1,1,2
1076,67,3,71823,0,1,1,2
1077,71,3,211572,2,0,1,1
1078,59,2,136123,1,1,0,1
1079,60,2,176372,1,1,1,1
1080,60,2,128271,1,0,1,1
1081,45,2,169020,2,0,1,2
1082,63,2,122267,1,1,0,2
1083,38,3,169324,2,1,1,2
1084,46,2,192561,2,0,1,1
1085,55,2,145781,1,1,1,2
1086,50,2,135376,1,1,1,1
1087,30,3,169002,2,0,1,2
1088,63,2,128469,1,1,0,2
1089,67,2,135567,1,1,0,1
1090,54,2,170644,2,0,1,2
1091,71,2,192360,2,1,0,1
1092,32,3,133235,1,0,1,2
1093,45,2,260847,2,0,1,2
1094,65,2,285647,2,1,0,2
1095,62,2,164816,2,1,0,1
1096,28,3,130148,0,0,1,2
1097,65,2,129838,1,1,0,1
1098,57,2,281647,2,1,0,1
1099,48,2,157305,1,0,1,2
1100,71,3,163654,1,0,1,1
1101,38,1,82398,1,1,0,1
1102,40,1,107710,1,1,1,1
1103,49,1,122346,1,1,0,1
1104,32,1,155540,2,1,1,1
1105,45,1,127572,1,1,0,1
1106,40,1,154031,2,1,0,1
1107,66,2,164931,2,1,0,2
1108,38,1,123003,1,1,0,2
1109,20,1,89605,1,1,1,1
1110,48,1,117721,1,1,0,1
1111,46,2,168904,2,1,1,1
1112,32,1,137576,2,1,0,2
1113,54,1,111274,1,1,0,1
1114,24,1,94249,2,1,1,2
1115,27,1,180940,2,1,1,1
1116,57,1,125032,1,1,0,2
1117,38,1,138011,2,1,0,1
1118,40,1,144850,1,1,0,1
1119,20,1,107270,1,1,1,2
1120,36,1,113405,2,1,0,2
1121,47,1,137338,1,1,0,2
1122,64,2,125119,0,1,0,2
1123,42,1,159745,2,1,0,2
1124,44,1,181262,2,1,0,2
1125,30,1,90500,2,1,1,2
1126,37,1,102733,1,1,0,1
1127,42,1,135493,1,1,0,2
1128,62,2,169044,1,1,1,1
1129,49,1,178549,1,1,0,2
1130,52,1,159716,1,1,0,2
1131,36,1,170118,2,1,1,1
1132,49,1,143886,0,1,0,1
1133,42,1,130164,2,1,0,2
1134,38,1,114476,1,1,0,1
1135,50,1,126143,1,1,0,1
1136,34,1,129654,2,1,1,2
1137,43,1,123202,1,1,0,2
1138,40,1,160524,1,1,0,1
1139,56,2,126906,1,1,0,1
1140,41,1,143994,2,1,0,2
1141,30,1,123517,2,1,1,2
1142,28,1,129055,1,1,1,2
1143,64,2,136312,0,1,0,2
1144,67,2,112486,1,1,0,2
1145,37,1,152401,2,1,0,1
1146,31,1,157453,2,1,0,1
1147,32,1,142870,2,1,0,2
1148,52,2,137231,1,1,1,2
1149,31,1,104406,1,1,1,1
1150,36,1,145385,2,1,0,1
1151,32,1,146519,2,1,1,1
1152,51,1,126227,1,1,0,2
1153,47,1,112227,2,1,0,1
1154,34,1,110145,1,1,1,2
1155,46,2,149419,1,1,1,1
1156,42,1,176646,1,1,1,1
1157,39,1,91019,2,1,0,1
1158,50,1,169579,1,1,0,2
1159,42,1,142305,1,1,0,2
1160,36,1,130602,1,1,1,1
1161,18,1,98992,1,1,1,1
1162,35,1,181926,2,1,0,2
1163,38,1,152864,1,1,0,2
1164,39,1,135837,2,1,0,2
1165,24,1,121757,0,1,1,2
1166,41,1,182274,1,1,0,1
1167,36,1,149040,2,1,0,2
1168,37,1,154196,2,1,0,2
1169,45,2,135332,1,1,1,1
1170,41,1,134200,2,1,0,2
1171,36,1,177171,2,1,0,2
1172,38,1,115964,0,1,0,2
1173,38,1,136871,0,1,0,1
1174,53,2,159559,2,1,1,2
1175,35,1,113878,1,1,0,2
1176,48,1,171203,2,1,0,2
1177,36,1,102180,1,1,0,2
1178,22,1,116844,2,1,1,1
1179,35,1,139844,2,1,0,2
1180,42,1,156431,0,1,0,1
1181,39,1,116137,0,1,0,1
1182,31,1,143081,1,1,0,1
1183,33,1,155870,2,1,0,2
1184,31,1,106924,0,1,1,1
1185,42,1,102133,1,1,0,1
1186,61,2,145227,0,1,0,1
1187,38,1,159500,2,1,0,2
1188,33,1,98498,0,1,0,1
1189,48,1,159714,1,1,0,2
1190,31,1,121852,0,1,0,1
1191,52,1,141271,2,1,0,2
1192,27,1,123213,1,1,1,2
1193,40,1,143723,2,1,0,1
1194,34,1,112538,0,1,0,1
1195,26,1,97932,2,1,1,2
1196,30,1,154003,0,1,0,1
1197,53,1,177179,1,1,0,1
1198,45,1,128052,1,1,0,2
1199,32,1,114617,2,1,0,1
1200,35,1,182822,2,1,0,2
1201,26,1,177215,1,1,1,2
1202,30,1,110929,1,1,0,1
1203,37,1,111821,1,1,0,1
1204,32,1,97306,2,1,0,1
1205,40,1,157231,1,1,1,1
1206,44,1,126906,0,1,0,2
1207,43,1,133243,1,1,0,2
1208,51,1,112250,1,1,0,1
1209,37,1,104349,0,1,0,1
1210,33,1,151421,1,1,0,2
1211,32,1,178081,2,1,1,1
1212,35,1,110181,0,1,0,2
1213,30,1,113012,1,1,1,1
1214,35,1,154585,2,1,1,2
1215,40,1,144704,2,1,0,1
1216,37,1,141632,2,1,0,2
1217,37,1,105055,1,1,0,2
1218,37,1,124597,1,1,0,2
1219,53,1,160164,2,1,0,1
1220,34,1,151754,2,1,0,1
1221,51,1,155551,1,1,0,1
1222,26,1,94986,1,1,1,2
1223,34,1,175800,0,1,0,1
1224,51,1,126246,2,1,0,1
1225,33,1,116261,1,1,0,2
1226,32,1,117796,0,1,1,2
1227,39,1,115363,1,1,0,1
1228,53,1,169076,1,1,0,1
1229,34,1,97474,2,1,0,2
1230,37,1,140341,1,1,0,2
1231,28,1,114503,1,1,1,1
1232,25,1,102937,1,1,1,2
1233,36,1,151781,2,1,0,2
1234,36,1,123133,1,1,1,2
1235,35,1,118879,1,1,0,2
1236,21,1,158683,1,1,1,1
1237,29,1,107514,1,1,1,2
1238,60,2,193879,1,1,0,1
1239,45,1,135043,1,1,0,1
1240,56,2,108559,0,1,1,1
1241,30,1,121038,1,1,1,2
1242,52,1,151947,2,1,0,2
1243,26,1,118820,1,1,1,1
1244,43,1,121517,1,1,0,1
1245,34,1,113572,1,1,0,1
1246,22,1,131170,1,1,1,2
1247,42,1,92430,0,1,0,1
1248,38,1,124554,0,1,0,1
1249,29,1,115988,1,1,1,2
1250,44,1,107301,1,1,0,2
1251,29,1,103767,2,1,1,1
1252,44,1,141493,1,1,0,2
1253,38,1,154339,1,1,0,2
1254,26,1,112369,0,1,1,1
1255,53,1,158193,1,1,0,1
1256,43,1,143734,1,1,0,1
1257,33,1,121890,1,1,0,1
1258,52,1,127609,0,1,0,1
1259,26,1,94650,0,1,1,2
1260,38,1,175504,2,1,0,1
1261,47,1,165495,1,1,0,2
1262,26,1,120389,1,1,1,1
1263,36,1,165340,1,1,1,1
1264,36,1,119804,1,1,0,1
1265,57,2,154344,2,1,0,1
1266,31,1,106266,2,1,1,2
1267,45,1,136129,1,1,0,1
1268,40,1,151914,2,1,0,1
1269,21,1,121473,1,1,1,1
1270,46,1,127147,1,1,0,2
1271,35,1,125387,1,1,0,2
1272,31,1,139490,0,1,1,2
1273,51,1,124990,1,1,0,2
1274,21,1,101471,2,1,1,1
1275,48,1,155708,1,1,0,1
1276,48,1,142345,1,1,0,2
1277,68,2,148675,0,1,0,1
1278,45,2,116484,1,1,1,2
1279,35,1,150237,2,1,0,2
1280,22,1,100273,1,1,1,2
1281,44,1,122292,0,1,0,1
1282,52,1,159216,1,1,0,1
1283,48,1,130082,1,1,0,2
1284,33,1,139547,1,1,0,2
1285,35,1,122895,1,1,1,1
1286,64,2,154549,1,1,1,1
1287,58,1,149315,0,1,0,2
1288,24,1,118101,0,1,1,2
1289,40,1,115831,0,1,0,2
1290,49,1,118571,2,1,0,2
1291,31,1,138906,1,1,0,2
1292,46,1,98520,1,1,0,2
1293,46,1,106576,1,1,0,1
1294,49,1,121592,1,1,0,1
1295,29,1,135605,0,1,0,1
1296,37,1,114552,1,1,0,2
1297,33,1,151339,2,1,0,1
1298,71,2,170387,1,1,0,2
1299,35,1,118288,1,1,0,2
1300,40,1,109992,1,1,0,2
1301,27,1,90654,0,0,0,0
1302,61,2,113290,0,0,0,0
1303,29,1,100093,1,0,1,1
1304,33,1,109489,1,0,0,0
1305,56,2,139427,0,0,0,0
1306,27,1,123411,1,0,1,1
1307,22,1,137925,1,0,1,0
1308,19,1,99119,1,0,1,0
1309,28,1,91084,1,0,1,1
1310,24,1,110137,1,0,1,1
1311,27,1,67041,0,0,1,0
1312,30,1,127299,1,0,1,1
1313,26,1,84555,0,0,0,0
1314,26,1,123895,1,0,1,0
1315,23,1,94324,1,0,1,1
1316,28,1,96062,1,0,1,0
1317,67,3,144843,1,0,1,0
1318,27,1,107485,1,0,1,1
1319,32,1,98573,1,0,1,0
1320,24,1,107462,0,0,0,0
1321,28,1,115809,1,0,1,1
1322,48,2,118749,0,0,0,0
1323,32,1,139112,1,0,1,1
1324,25,1,94075,1,0,1,0
1325,57,2,62002,0,0,1,0
1326,28,1,127262,1,0,1,0
1327,24,1,122846,1,0,1,1
1328,25,1,61907,0,0,1,0
1329,31,1,89287,0,0,0,0
1330,33,1,103696,1,0,0,1
1331,50,2,147603,1,0,1,0
1332,58,2,139229,0,0,1,1
1333,27,1,107932,0,0,1,0
1334,48,2,116235,0,0,1,0
1335,22,1,85974,0,0,1,0
1336,40,1,124001,0,0,1,0
1337,32,1,121428,1,0,1,0
1338,25,1,93233,0,0,0,0
1339,27,1,67965,0,0,1,0
1340,27,1,88001,0,0,1,0
1341,23,1,129112,1,0,1,0
1342,32,1,109324,1,0,1,1
1343,25,1,112785,1,0,1,1
1344,46,2,136735,0,0,1,0
1345,21,1,107779,1,0,1,1
1346,29,1,103526,1,0,1,0
1347,31,1,93171,0,0,1,0
1348,26,1,106559,0,0,0,0
1349,23,1,112728,1,0,1,1
1350,38,1,102855,1,0,0,1
1351,35,1,85381,0,0,0,0
1352,27,1,100762,1,0,1,1
1353,22,1,131445,1,0,1,1
1354,52,2,123194,1,0,1,0
1355,19,1,99519,1,0,1,1
1356,23,1,112853,1,0,1,0
1357,42,1,110509,1,0,0,0
1358,27,1,106446,1,0,1,1
1359,39,2,89665,0,0,1,0
1360,50,2,128233,1,0,1,1
1361,36,1,133615,1,0,1,0
1362,25,1,115833,1,0,1,1
1363,27,1,65560,0,0,1,0
1364,30,1,118642,1,0,1,0
1365,22,1,63635,0,0,0,0
1366,27,1,122649,1,0,1,1
1367,31,1,143321,2,0,0,1
1368,29,1,99556,1,0,1,0
1369,34,1,36760,0,0,0,0
1370,33,1,71935,0,0,0,0
1371,26,1,114977,1,0,1,0
1372,36,1,147691,1,0,1,1
1373,26,1,54296,0,0,1,0
1374,39,1,80014,0,0,1,0
1375,44,2,77887,0,0,1,0
1376,46,2,98517,0,0,1,0
1377,31,1,103012,0,0,1,0
1378,26,1,121377,1,0,0,0
1379,22,1,91359,1,0,1,1
1380,48,2,104833,0,0,0,0
1381,27,1,101209,1,0,1,0
1382,30,1,58207,0,0,0,0
1383,27,1,116708,1,0,1,1
1384,36,1,107471,1,0,1,1
1385,31,1,128495,1,0,1,0
1386,21,1,124468,1,0,0,0
1387,26,1,106922,1,0,1,1
1388,24,1,104291,1,0,0,0
1389,29,1,98204,1,0,1,0
1390,32,1,127071,1,0,1,0
1391,45,2,85115,0,0,1,0
1392,58,2,104013,0,0,1,0
1393,25,1,89863,1,0,1,0
1394,67,3,135300,1,0,1,0
1395,53,2,107861,0,0,1,0
1396,24,1,123994,1,0,1,0
1397,20,1,91270,0,0,0,0
1398,71,3,133245,0,0,1,0
1399,31,1,118594,1,0,1,1
1400,27,1,40606,0,0,1,0
1401,36,1,129304,0,0,1,0
1402,25,1,113118,1,0,1,0
1403,41,1,133131,1,0,0,0
1404,30,1,106876,1,0,1,1
1405,32,1,130870,1,0,1,1
1406,29,1,125621,0,0,1,0
1407,27,1,78923,0,0,0,0
1408,32,1,123983,1,0,1,0
1409,25,1,75184,0,0,1,0
1410,24,1,109693,1,0,0,0
1411,63,2,86273,0,0,1,0
1412,42,2,113190,0,0,0,0
1413,22,1,109274,0,0,1,0
1414,46,2,143489,1,0,1,1
1415,24,1,99570,1,0,1,1
1416,30,1,139468,1,0,0,1
1417,44,2,108627,0,0,1,0
1418,25,1,106355,1,0,0,0
1419,27,1,96952,1,0,1,0
1420,27,1,141502,1,0,1,1
1421,34,1,110420,1,0,1,1
1422,18,1,97741,1,0,1,1
1423,25,1,99583,1,0,1,1
1424,21,1,63698,0,0,1,0
1425,26,1,116688,1,0,1,1
1426,27,1,131542,2,0,1,1
1427,25,1,136055,1,0,0,1
1428,30,1,100195,1,0,1,1
1429,66,3,131001,1,0,0,0
1430,25,1,104062,1,0,1,1
1431,43,2,137689,1,0,1,0
1432,35,1,137705,1,0,1,1
1433,70,3,69915,0,0,0,0
1434,35,1,68731,0,0,0,0
1435,26,1,105726,1,0,1,0
1436,29,1,78078,0,0,0,0
1437,22,1,110835,0,0,1,0
1438,26,1,115531,1,0,0,1
1439,36,1,92723,0,0,1,0
1440,35,1,107509,1,0,1,1
1441,28,1,116763,1,0,1,1
1442,24,1,100733,1,0,1,0
1443,34,1,92652,0,0,1,0
1444,25,1,106987,1,0,1,0
1445,54,2,51882,0,0,1,0
1446,46,2,104751,0,0,0,0
1447,42,1,50947,0,0,1,0
1448,45,2,126986,0,0,0,0
1449,48,2,110223,0,0,0,0
1450,21,1,100591,0,0,0,0
1451,31,1,123257,1,0,1,0
1452,35,1,137736,1,0,0,1
1453,36,1,110221,1,0,1,1
1454,32,1,99703,0,0,1,0
1455,26,1,106667,0,0,1,0
1456,34,1,143319,1,0,1,0
1457,65,2,135557,1,0,1,1
1458,50,2,93390,0,0,1,0
1459,39,1,97577,1,0,1,0
1460,52,2,124196,0,0,0,0
1461,36,1,81136,0,0,1,0
1462,29,1,119439,1,0,1,0
1463,36,1,145231,1,0,1,1
1464,36,1,85623,0,0,1,0
1465,27,1,145373,1,0,1,1
1466,36,1,135896,2,0,1,1
1467,26,1,106470,1,0,1,1
1468,57,2,113334,1,0,0,1
1469,27,1,100560,0,0,0,0
1470,58,2,108442,0,0,1,0
1471,27,1,64472,0,0,1,0
1472,49,2,120207,1,0,1,0
1473,43,2,101680,1,0,1,0
1474,45,2,92342,0,0,0,0
1475,27,1,98611,0,0,1,0
1476,34,1,97613,1,0,1,1
1477,21,1,82298,0,0,1,0
1478,54,2,125302,1,0,1,1
1479,43,2,108725,0,0,1,0
1480,25,1,85569,0,0,0,0
1481,57,2,110372,0,0,0,0
1482,26,1,100511,1,0,1,1
1483,30,1,110455,1,0,0,0
1484,58,2,141993,0,0,0,0
1485,25,1,121789,1,0,1,1
1486,23,1,138967,1,0,1,0
1487,22,1,105230,1,0,0,0
1488,21,1,90656,1,0,1,1
1489,20,1,115445,1,0,1,1
1490,22,1,59955,0,0,1,0
1491,27,1,126268,1,0,0,1
1492,24,1,80830,0,0,0,0
1493,23,1,123625,1,0,1,0
1494,26,1,102543,1,0,1,1
1495,28,1,101948,1,0,0,0
1496,64,3,142280,1,0,1,0
1497,26,1,105434,1,0,1,1
1498,31,1,106115,1,0,1,0
1499,28,1,111057,0,0,0,0
1500,25,1,117758,1,0,1,1
1501,49,2,118396,0,0,0,0
1502,33,1,136260,1,0,1,1
1503,27,1,97192,1,0,0,0
1504,59,2,62101,0,0,1,0
1505,28,1,123497,1,0,1,0
1506,24,1,120326,1,0,1,1
1507,26,1,66645,0,0,1,0
1508,33,1,83429,0,0,0,0
1509,37,1,107539,1,0,0,1
1510,46,2,153880,1,0,1,0
1511,62,2,140178,0,0,1,1
1512,26,1,100402,0,0,0,0
1513,49,2,122158,0,0,1,0
1514,25,1,89331,0,0,1,0
1515,37,1,125359,0,0,1,0
1516,31,1,124110,1,0,0,0
1517,25,1,93526,0,0,0,0
1518,21,1,70170,0,0,1,0
1519,27,1,82357,0,0,1,0
1520,29,1,126745,1,0,1,0
1521,30,1,103326,1,0,1,1
1522,26,1,116048,1,0,1,1
1523,40,2,137115,0,0,1,0
1524,23,1,105365,1,0,1,1
1525,31,1,95911,1,0,1,0
1526,29,1,88669,0,0,1,0
1527,22,1,103776,0,0,0,0
1528,26,1,108864,1,0,1,1
1529,39,1,106037,1,0,0,1
1530,35,1,84851,0,0,0,0
1531,26,1,95748,1,0,1,1
1532,28,1,133616,1,0,1,1
1533,56,2,132752,1,0,1,0
1534,22,1,95712,1,0,1,1
1535,26,1,109063,1,0,1,0
1536,41,1,113521,1,0,0,0
1537,29,1,109380,1,0,1,1
1538,42,2,82558,0,0,1,0
1539,50,2,124777,1,0,1,1
1540,33,1,133542,1,0,1,0
1541,28,1,116492,1,0,1,1
1542,27,1,68834,0,0,1,0
1543,27,1,124023,1,0,1,0
1544,28,1,63882,0,0,0,0
1545,24,1,122492,1,0,1,1
1546,28,1,141453,2,0,0,1
1547,32,1,99327,1,0,1,0
1548,32,1,45590,0,0,0,0
1549,30,1,71167,0,0,0,0
1550,29,1,111992,1,0,1,0
1551,37,1,145140,1,0,1,1
1552,24,1,49672,0,0,1,0
1553,36,1,75536,0,0,1,0
1554,40,2,86720,0,0,1,0
1555,51,2,97729,0,0,1,0
1556,33,1,106808,0,0,1,0
1557,31,1,117971,1,0,0,0
1558,29,1,97731,1,0,1,1
1559,48,2,109196,0,0,0,0
1560,25,1,94905,1,0,1,0
1561,28,1,57480,0,0,0,0
1562,23,1,109175,1,0,1,1
1563,32,1,111174,1,0,1,1
1564,34,1,127255,1,0,1,0
1565,23,1,115499,1,0,0,0
1566,25,1,109499,1,0,1,1
1567,25,1,104696,1,0,0,0
1568,27,1,104467,1,0,1,0
1569,29,1,120157,1,0,1,0
1570,46,2,81200,0,0,1,0
1571,61,2,97558,0,0,1,0
1572,25,1,95914,1,0,1,0
1573,67,3,128053,1,0,1,0
1574,49,2,101734,0,0,1,0
1575,21,1,126009,1,0,1,0
1576,19,1,91232,0,0,0,0
1577,67,3,128343,0,0,1,0
1578,31,1,110040,1,0,1,1
1579,27,1,38247,0,0,1,0
1580,37,1,129027,0,0,1,0
1581,27,1,115026,1,0,1,0
1582,36,1,130323,1,0,0,0
1583,24,1,103181,1,0,1,1
1584,31,1,138307,1,0,1,1
1585,29,1,122564,0,0,1,0
1586,28,1,82351,0,0,0,0
1587,34,1,125351,1,0,1,0
1588,26,1,82940,0,0,1,0
1589,21,1,108029,1,0,0,0
1590,63,2,82734,0,0,1,0
1591,38,2,116816,0,0,0,0
1592,20,1,113472,0,0,1,0
1593,44,2,143343,1,0,1,1
1594,31,1,104074,1,0,1,1
1595,33,1,138525,1,0,0,1
1596,49,2,106960,0,0,1,0
1597,26,1,108323,1,0,0,0
1598,28,1,95784,1,0,1,0
1599,30,1,140673,1,0,1,1
1600,36,1,104235,1,0,1,1
1601,27,1,54041,0,0,1,0
1602,23,0,107961,0,1,0,0
1603,31,0,113757,1,1,0,0
1604,27,1,94884,1,0,1,0
1605,25,1,126041,1,0,1,0
1606,23,1,64952,0,0,1,0
1607,27,1,66764,0,1,1,0
1608,38,1,67861,0,0,0,0
1609,44,1,113516,0,1,0,0
1610,42,1,46109,0,0,1,0
1611,25,1,103651,0,0,1,0
1612,40,1,75043,0,1,1,0
1613,24,1,116473,0,0,1,0
1614,39,1,96614,0,0,0,0
1615,24,0,66447,0,1,0,0
1616,50,1,119068,1,0,0,0
1617,28,1,122973,0,0,1,0
1618,36,1,81609,0,0,1,0
1619,36,1,105519,1,1,0,0
1620,40,1,86649,0,0,1,0
1621,31,0,76384,0,0,0,0
1622,27,1,67136,0,1,1,0
1623,35,1,93155,0,0,1,0
1624,51,1,124183,0,1,0,0
1625,26,0,64860,0,0,0,0
1626,33,1,87232,0,1,0,0
1627,27,1,92304,0,0,1,0
1628,38,1,84254,0,1,0,0
1629,30,0,106696,1,0,0,0
1630,28,0,113212,1,1,0,0
1631,23,0,71076,0,1,0,0
1632,23,1,114270,0,0,1,0
1633,26,1,125538,1,0,1,0
1634,21,1,92442,0,0,1,0
1635,36,1,75297,0,0,0,0
1636,24,1,65707,0,0,1,0
1637,41,1,120387,1,1,0,0
1638,42,1,120946,1,1,0,0
1639,27,0,73265,0,1,0,0
1640,40,1,77481,0,1,1,0
1641,34,1,91282,0,0,1,0
1642,40,1,104405,0,1,0,0
1643,33,1,99646,1,1,0,0
1644,49,1,97791,0,0,0,0
1645,28,0,81878,0,1,0,0
1646,26,1,107908,1,0,1,0
1647,40,1,98608,0,0,0,0
1648,47,1,95228,0,1,0,0
1649,41,1,128163,1,0,1,0
1650,29,1,94325,0,0,1,0
1651,37,1,90815,0,0,1,0
1652,31,0,120719,1,1,0,0
1653,35,1,110159,1,1,0,0
1654,35,1,124490,1,1,0,0
1655,29,1,75161,0,0,1,0
1656,37,1,127206,1,0,0,0
1657,37,1,83660,0,1,0,0
1658,26,1,87400,0,0,1,0
1659,28,1,78942,0,0,1,0
1660,23,1,88452,0,0,1,0
1661,38,1,104128,1,1,0,0
1662,30,1,100313,1,0,1,0
1663,45,1,107387,1,0,0,0
1664,24,0,84355,0,1,0,0
1665,35,1,112723,1,0,0,0
1666,41,1,115892,1,0,1,0
1667,30,1,106597,1,1,1,0
1668,30,1,121327,1,0,1,0
1669,26,1,92559,0,0,1,0
1670,25,1,87537,0,0,1,0
1671,23,1,70569,0,0,1,0
1672,27,1,85294,0,0,1,0
1673,26,0,70905,0,0,0,0
1674,25,0,103716,0,1,0,0
1675,27,1,94947,1,1,1,0
1676,42,1,80116,0,0,0,0
1677,35,1,86492,0,1,0,0
1678,25,1,88672,0,0,1,0
1679,26,1,82984,0,0,1,0
1680,38,1,128100,1,1,0,0
1681,28,0,72869,0,0,0,0
1682,33,1,112227,1,1,1,0
1683,40,1,94674,0,0,0,0
1684,23,1,101003,1,0,1,0
1685,25,0,112924,1,0,0,0
1686,28,0,108645,0,0,0,0
1687,41,1,69415,0,1,0,0
1688,50,1,112204,0,0,0,0
1689,23,1,109700,1,0,1,0
1690,26,1,104484,1,0,1,0
1691,22,1,61239,0,0,1,0
1692,37,1,119602,0,1,0,0
1693,38,1,81014,0,0,0,0
1694,22,1,68165,0,0,1,0
1695,30,0,88652,0,0,0,0
1696,38,1,75705,0,1,0,0
1697,36,1,104189,1,0,1,0
1698,41,1,71603,0,1,0,0
1699,29,1,121914,1,0,1,0
1700,31,1,106637,1,0,1,0
1701,31,0,99800,1,0,0,0
1702,21,0,67629,0,0,0,0
1703,32,0,120354,1,1,0,0
1704,35,1,122110,1,0,1,0
1705,29,0,89170,0,1,0,0
1706,34,1,109195,1,0,0,0
1707,38,1,92392,0,0,0,0
1708,33,1,43805,0,0,1,0
1709,28,1,68389,0,0,1,0
1710,28,1,112521,1,0,1,0
1711,21,0,59255,0,1,0,0
1712,29,1,98612,0,0,1,0
1713,26,1,70649,0,0,1,0
1714,40,1,95228,0,0,0,0
1715,25,0,46865,0,0,0,0
1716,20,1,101688,1,1,1,0
1717,23,1,62618,0,0,1,0
1718,27,0,102531,1,0,0,0
1719,36,1,100737,1,0,0,0
1720,25,1,107321,1,0,1,0
1721,25,1,112879,0,0,1,0
1722,34,1,125372,0,0,1,0
1723,24,0,69419,0,0,0,0
1724,36,1,124759,1,0,0,0
1725,40,1,79076,0,0,0,0
1726,39,1,84779,0,1,0,0
1727,42,1,77393,0,0,0,0
1728,35,1,113187,0,1,0,0
1729,27,1,99100,1,0,1,0
1730,27,0,64954,0,1,0,0
1731,23,1,103244,1,0,1,0
1732,32,1,124975,1,0,1,0
1733,28,1,133582,1,1,1,0
1734,22,0,103519,1,1,0,0
1735,31,0,117813,1,1,0,0
1736,22,1,119902,1,0,1,0
1737,23,0,70783,0,1,0,0
1738,35,1,125470,0,0,1,0
1739,26,1,109782,0,0,1,0
1740,28,1,78322,0,0,1,0
1741,54,1,125517,1,1,0,0
1742,49,1,102463,0,0,0,0
1743,38,1,89309,0,0,0,0
1744,47,1,110287,1,0,0,0
1745,49,1,122391,0,0,0,0
1746,30,1,116399,1,0,1,0
1747,32,0,81907,0,0,0,0
1748,24,1,97909,0,0,1,0
1749,25,0,68051,0,0,0,0
1750,33,1,82414,0,1,0,0
1751,34,1,123089,1,0,1,0
1752,24,1,66537,0,0,1,0
1753,36,1,127926,0,0,0,0
1754,41,1,78963,0,0,0,0
1755,33,1,108694,1,1,1,0
1756,26,1,100892,1,0,1,0
1757,36,1,119560,1,0,0,0
1758,35,1,116176,0,0,0,0
1759,29,0,111854,1,1,0,0
1760,26,1,69831,0,0,1,0
1761,31,0,69375,0,1,0,0
1762,26,1,71310,0,1,1,0
1763,47,1,73913,0,1,0,0
1764,20,1,95492,1,1,1,0
1765,45,1,109329,0,1,0,0
1766,36,1,116027,1,1,0,0
1767,31,1,81987,0,1,1,0
1768,41,1,83481,0,0,0,0
1769,31,0,72361,0,0,0,0
1770,27,1,106625,0,0,1,0
1771,32,1,123707,1,0,1,0
1772,43,1,79353,0,0,0,0
1773,32,0,68347,0,0,0,0
1774,29,1,115832,1,0,1,0
1775,37,1,89946,0,1,0,0
1776,35,1,86319,0,0,0,0
1777,23,1,70963,0,0,1,0
1778,40,1,106120,1,1,0,0
1779,26,1,97856,1,0,1,0
1780,28,0,61824,0,1,0,0
1781,40,1,103907,1,0,1,0
1782,26,1,99953,0,0,1,0
1783,23,1,113413,1,0,1,0
1784,26,0,107091,0,1,0,0
1785,26,0,124783,1,1,0,0
1786,49,1,92281,0,0,0,0
1787,26,1,96219,1,0,1,0
1788,35,1,86221,0,0,0,0
1789,24,1,80962,0,0,1,0
1790,46,1,78754,0,0,0,0
1791,26,0,60026,0,1,0,0
1792,47,1,88157,0,1,0,0
1793,27,0,59881,0,1,0,0
1794,41,1,112818,1,1,1,0
1795,29,1,102250,1,0,1,0
1796,28,1,38980,0,0,1,0
1797,33,1,81807,0,0,1,0
1798,50,1,93148,0,0,0,0
1799,32,1,108032,1,0,1,0
1800,31,1,89335,0,1,1,0
1801,52,1,95639,0,1,0,0
1802,53,1,124902,1,1,0,0
1803,34,1,87801,0,0,1,0
1804,22,1,92538,1,0,1,0
1805,33,1,83687,0,1,1,0
1806,32,0,128310,1,1,0,0
1807,45,1,104754,0,0,0,0
1808,25,1,68222,0,1,1,0
1809,41,1,97006,0,0,1,0
1810,36,1,107372,0,0,0,0
1811,27,1,110511,1,0,1,0
1812,40,1,72193,0,1,0,0
1813,37,1,95972,0,0,0,0
1814,35,1,105556,0,1,0,0
1815,34,1,88701,0,1,0,0
1816,28,0,117710,1,0,0,0
1817,44,1,76057,0,0,0,0
1818,27,1,100392,1,1,1,0
1819,50,1,113308,1,0,0,0
1820,18,1,100924,1,0,1,0
1821,25,0,72188,0,0,0,0
1822,40,1,70431,0,0,1,0
1823,28,1,110103,1,1,1,0
1824,23,1,60825,0,0,1,0
1825,35,1,75100,0,0,1,0
1826,28,1,129327,1,0,1,0
1827,23,0,95541,1,0,0,0
1828,34,1,112777,1,1,1,0
1829,29,1,51496,0,0,1,0
1830,35,1,102781,1,0,0,0
1831,32,1,87494,0,0,1,0
1832,46,1,72728,0,0,0,0
1833,27,1,114775,1,0,1,0
1834,25,1,124359,1,0,1,0
1835,27,1,101620,0,0,1,0
1836,24,1,87964,0,0,1,0
1837,33,0,69523,0,0,0,0
1838,24,1,109486,1,0,1,0
1839,28,0,77206,0,0,0,0
1840,35,1,53608,0,0,0,0
1841,30,1,118677,1,0,1,0
1842,43,1,116512,1,1,0,0
1843,21,1,114756,0,1,1,0
1844,24,1,65852,0,0,1,0
1845,34,1,75626,0,1,0,0
1846,26,1,127455,1,0,1,0
1847,37,1,107073,1,1,0,0
1848,32,1,82196,0,0,1,0
1849,33,1,106741,0,0,1,0
1850,28,1,94518,1,1,1,0
1851,30,1,114430,1,0,1,0
1852,26,1,57165,0,0,1,0
1853,25,0,109610,0,0,0,0
1854,33,0,113619,1,1,0,0
1855,30,1,93854,1,0,1,0
1856,26,1,129022,1,0,1,0
1857,23,1,66804,0,1,1,0
1858,25,1,62689,0,1,1,0
1859,40,1,67619,0,0,0,0
1860,46,1,113495,0,1,0,0
1861,43,1,48632,0,0,1,0
1862,22,1,107394,0,0,1,0
1863,39,1,72385,0,1,1,0
1864,27,1,115934,0,0,1,0
1865,40,1,93183,0,1,0,0
1866,24,0,63506,0,1,0,0
1867,52,1,113619,1,0,0,0
1868,30,1,121399,0,0,1,0
1869,34,1,78281,0,0,1,0
1870,38,1,103926,1,0,0,0
1871,39,1,89097,0,1,1,0
1872,29,0,80852,0,0,0,0
1873,25,1,65207,0,1,1,0
1874,35,1,93495,0,0,1,0
1875,53,1,121970,0,1,0,0
1876,26,0,62027,0,1,0,0
1877,33,1,88602,0,1,0,0
1878,29,1,89914,0,1,1,0
1879,39,1,83342,0,1,0,0
1880,29,0,103439,1,1,0,0
1881,26,0,115451,1,1,0,0
1882,24,0,68250,0,1,0,0
1883,21,1,113630,0,0,1,0
1884,26,1,125880,1,0,1,0
1885,20,1,91177,0,0,1,0
1886,35,1,73266,0,0,0,0
1887,24,1,69021,0,0,1,0
1888,40,1,122593,1,0,0,0
1889,44,1,122180,1,0,0,0
1890,29,0,75160,0,1,0,0
1891,39,1,81973,0,0,1,0
1892,35,1,92194,0,0,1,0
1893,42,1,107380,0,1,0,0
1894,32,1,98023,1,0,0,0
1895,48,1,94868,0,1,0,0
1896,26,0,83442,0,1,0,0
1897,26,1,109887,1,0,1,0
1898,42,1,98876,0,1,0,0
1899,48,1,94962,0,1,0,0
1900,42,1,130740,1,0,1,0
1901,27,1,94095,0,0,1,0
1902,37,1,95071,0,0,1,0
1903,33,0,117308,1,1,0,0
1904,33,1,112093,1,1,0,0
1905,37,1,123893,1,0,0,0
1906,31,1,80189,0,0,1,0
1907,39,1,124089,1,1,0,0
1908,40,1,82673,0,0,0,0
1909,28,1,88858,0,0,1,0
1910,26,1,80540,0,0,1,0
1911,24,1,84228,0,0,1,0
1912,40,1,103963,1,1,0,0
1913,29,1,102397,1,0,1,0
1914,43,1,111563,1,1,0,0
1915,23,0,88260,0,1,0,0
1916,34,1,114767,1,0,0,0
1917,42,1,113275,1,0,1,0
1918,33,1,104755,1,0,1,0
1919,32,1,120525,1,0,1,0
1920,26,1,96082,0,0,1,0
1921,23,1,87227,0,0,1,0
1922,26,1,69333,0,0,1,0
1923,27,1,87777,0,0,1,0
1924,24,0,70978,0,1,0,0
1925,27,0,104196,0,1,0,0
1926,26,1,97551,1,0,1,0
1927,42,1,78979,0,0,0,0
1928,37,1,82500,0,0,0,0
1929,26,1,86306,0,0,1,0
1930,24,1,78762,0,0,1,0
1931,39,1,125543,1,0,0,0
1932,26,0,70336,0,1,0,0
1933,35,1,112975,1,1,1,0
1934,38,1,96681,0,1,0,0
1935,24,1,98922,1,0,1,0
1936,26,0,109250,1,0,0,0
1937,25,0,108960,0,1,0,0
1938,40,1,71302,0,1,0,0
1939,48,1,107757,0,0,0,0
1940,22,1,111600,1,0,1,0
1941,25,1,102974,1,0,1,0
1942,24,1,63442,0,1,1,0
1943,39,1,118913,0,1,0,0
1944,39,1,80987,0,1,0,0
1945,21,1,68790,0,0,1,0
1946,27,0,86462,0,0,0,0
1947,40,1,76881,0,1,0,0
1948,37,1,107409,1,0,1,0
1949,42,1,69114,0,0,0,0
1950,31,1,119167,1,0,1,0
1951,31,1,102018,1,0,1,0
1952,30,0,97680,1,1,0,0
1953,23,0,65062,0,0,0,0
1954,33,0,118144,1,1,0,0
1955,37,1,124548,1,0,1,0
1956,29,0,85637,0,0,0,0
1957,31,1,113108,1,0,0,0
1958,39,1,93554,0,1,0,0
1959,33,1,42516,0,0,1,0
1960,26,1,72429,0,1,1,0
1961,27,1,110154,1,0,1,0
1962,20,0,60965,0,0,0,0
1963,27,1,100618,0,0,1,0
1964,26,1,71021,0,0,1,0
1965,40,1,94189,0,1,0,0
1966,24,0,44742,0,1,0,0
1967,22,1,103201,1,0,1,0
1968,24,1,62335,0,0,1,0
1969,27,0,103787,1,0,0,0
1970,35,1,99401,1,1,0,0
1971,27,1,105197,1,1,1,0
1972,25,1,115566,0,0,1,0
1973,34,1,125843,0,0,1,0
1974,24,0,67936,0,0,0,0
1975,34,1,120863,1,0,0,0
1976,42,1,77317,0,1,0,0
1977,38,1,84653,0,0,0,0
1978,42,1,81606,0,1,0,0
1979,35,1,113380,0,0,0,0
1980,27,1,100644,1,0,1,0
1981,25,0,64037,0,1,0,0
1982,23,1,101350,1,0,1,0
1983,34,1,126334,1,0,1,0
1984,28,1,130877,1,0,1,0
1985,21,0,103470,1,1,0,0
1986,32,0,114588,1,0,0,0
1987,21,1,120682,1,0,1,0
1988,25,0,66628,0,1,0,0
1989,35,1,124447,0,0,1,0
1990,25,1,106567,0,0,1,0
1991,31,1,78758,0,0,1,0
1992,54,1,128537,1,1,0,0
1993,51,1,101074,0,0,0,0
1994,38,1,87670,0,0,0,0
1995,45,1,113414,1,1,0,0
1996,47,1,123525,0,0,0,0
1997,27,1,117744,1,0,1,0
1998,31,0,86400,0,1,0,0
1999,24,1,97968,0,0,1,0
2000,25,0,68416,0,1,0,0
