CustomerID,InvoiceNo,UnitPrice,Quantity,InvoiceDate
1,100001.0,9.107468141716637,29.0,2022-06-09
2,,6.973174959800318,39.0,2022-08-28
3,100003.0,,34.0,2022-04-21
4,100004.0,,40.0,2022-08-17
5,100005.0,,38.0,2022-10-12
6,100006.0,9.821931182240498,38.0,2022-10-20
7,,9.206675052902147,30.0,2022-02-20
8,100008.0,6.2749802229237535,33.0,2022-02-05
9,,8.035147568884938,32.0,2022-01-26
10,100010.0,7.199814482964232,27.0,2022-11-17
11,100011.0,,36.0,2022-02-05
12,100012.0,,29.0,2022-07-03
13,100013.0,,27.0,2022-04-12
14,100014.0,10.51445635533469,34.0,2022-06-20
15,100015.0,7.593195458714913,38.0,2022-11-05
16,,11.414233649336374,28.0,2022-11-03
17,100017.0,8.222282181863203,25.0,2022-09-25
18,100018.0,10.232032978609892,28.0,2022-07-04
19,,11.22187308131967,26.0,2022-11-14
20,100020.0,9.726172966890475,27.0,2022-02-13
21,,7.267544559176619,45.0,2022-05-29
22,100022.0,11.25645588032341,28.0,2022-05-16
23,,9.815489831668753,26.0,2022-10-21
24,,7.980604926095502,37.0,2022-05-05
25,,8.137655496853272,32.0,2022-11-14
26,100026.0,7.233155995758022,35.0,2022-07-21
27,100027.0,10.627640748889947,25.0,2022-02-20
28,100028.0,8.98237257357232,31.0,2022-08-20
29,100029.0,12.315745167252462,14.0,2022-04-18
30,,10.431692519856774,21.0,2022-02-20
31,100031.0,9.830155896805834,35.0,2022-09-08
32,100032.0,8.641964017100836,31.0,2022-12-19
33,,8.154331331103103,35.0,2022-01-15
34,,8.674057162921104,40.0,2022-07-29
35,100035.0,9.485275306052618,28.0,2022-05-22
36,100036.0,9.527051885654839,26.0,2022-05-09
37,,8.139659626424066,30.0,2022-04-23
38,100038.0,13.317003799930804,17.0,2022-03-09
39,100039.0,8.247978488629144,22.0,2022-08-04
40,100040.0,10.979464102851425,27.0,2022-01-21
41,100041.0,7.672815628518306,32.0,2022-09-21
42,,8.066059022299418,24.0,2022-09-02
43,100043.0,9.314330306532913,30.0,2022-11-16
44,100044.0,8.983414325631323,36.0,2022-01-18
45,100045.0,10.82444966162702,24.0,2022-01-27
46,,10.065607918806903,26.0,2022-01-13
47,100047.0,9.44074532757104,23.0,2022-04-26
48,100048.0,8.446322911593153,34.0,2022-09-03
49,100049.0,9.050960797760085,29.0,2022-02-21
50,,8.943007902260538,27.0,2022-06-22
51,100051.0,8.535905124064868,36.0,2022-01-15
52,100052.0,10.521661343779607,27.0,2022-07-19
53,,9.470337711291652,34.0,2022-10-16
54,,10.429731946832218,35.0,2022-07-23
55,100055.0,13.873822369338306,12.0,2022-02-16
56,,8.227338213865728,26.0,2022-10-22
57,100057.0,6.3050759800223215,36.0,2022-04-04
58,100058.0,8.8454467553488,33.0,2022-03-14
59,,9.060642296581952,34.0,2022-01-01
60,100060.0,9.151523121048447,30.0,2022-02-10
61,100061.0,14.744556173755502,14.0,2022-06-08
62,100062.0,13.4589680299458,29.0,2022-09-05
63,100063.0,7.547512085854387,36.0,2022-01-09
64,100064.0,10.771823179579426,28.0,2022-01-10
65,100065.0,10.063616285519165,30.0,2022-07-08
66,,11.837687239653137,27.0,2022-03-08
67,100067.0,8.544498700126653,30.0,2022-10-17
68,100068.0,8.197510252038136,24.0,2022-02-14
69,,9.808671633932725,27.0,2022-09-16
70,100070.0,11.513817488818097,19.0,2022-07-12
71,,11.736769912029535,28.0,2022-04-19
72,100072.0,7.458024460010292,34.0,2022-12-05
73,,7.088602050475934,37.0,2022-08-14
74,100074.0,9.556612926546705,39.0,2022-03-29
75,100075.0,12.041184790051489,22.0,2022-10-30
76,100076.0,9.399447950307644,43.0,2022-07-08
77,100077.0,11.436219179834493,29.0,2022-05-16
78,100078.0,9.058205749933194,29.0,2022-03-03
79,100079.0,13.4980259433123,17.0,2022-08-03
80,,11.538797893420261,21.0,2022-12-08
81,100081.0,11.123332769422637,27.0,2022-07-02
82,100082.0,10.158464190588711,28.0,2022-06-11
83,100083.0,7.949987210152402,34.0,2022-03-18
84,100084.0,9.460218116641052,33.0,2022-10-04
85,100085.0,11.386390586038672,30.0,2022-01-29
86,,12.161295130322351,28.0,2022-05-17
87,100087.0,12.38840452904875,23.0,2022-11-17
88,,9.20081197192835,30.0,2022-11-15
89,,7.87301742360672,28.0,2022-11-19
90,,13.375048897718159,23.0,2022-11-29
91,100091.0,7.866642768158287,32.0,2022-08-25
92,100092.0,11.540617502997653,27.0,2022-04-21
93,100093.0,12.874882812671602,23.0,2022-07-03
94,100094.0,10.556268270402922,34.0,2022-07-02
95,100095.0,7.825462704603062,36.0,2022-10-10
96,100096.0,10.016537865290204,25.0,2022-03-08
97,,9.374848488302023,32.0,2022-08-14
98,100098.0,14.67139753592376,20.0,2022-01-18
99,100099.0,7.774114691156115,32.0,2022-08-14
100,100100.0,7.093719678724119,33.0,2022-12-06
101,,8.582886622957457,41.0,2022-03-07
102,,11.498064567982096,23.0,2022-10-01
103,100103.0,10.27883661006031,34.0,2022-09-21
104,100104.0,9.744086571228687,31.0,2022-08-13
105,100105.0,10.47474732352933,29.0,2022-10-22
106,100106.0,13.999220962816253,19.0,2022-11-30
107,,8.839165552331446,32.0,2022-12-17
108,100108.0,9.845567569058968,24.0,2022-02-24
109,100109.0,8.445704987056747,31.0,
110,100110.0,8.17186446340887,32.0,
111,100111.0,9.849316899112084,24.0,
112,100112.0,12.346603679821483,18.0,
113,100113.0,7.402861357666486,32.0,
114,100114.0,10.718066831730143,30.0,
115,100115.0,7.440952432771444,33.0,
116,100116.0,8.272760850820063,31.0,2022-02-23
117,100117.0,9.769869257126444,35.0,2022-04-30
118,100118.0,11.568082337209768,24.0,2022-05-31
119,,10.428375373305592,33.0,2022-04-26
120,,9.550690469844422,34.0,2022-12-26
121,100121.0,10.671985458372403,31.0,2022-02-25
122,100122.0,,35.0,2022-12-26
123,100123.0,,39.0,2022-01-13
124,100124.0,,42.0,2022-05-24
125,100125.0,,38.0,2022-03-07
126,100126.0,8.026839221993413,35.0,2022-10-16
127,100127.0,11.997979544749644,29.0,2022-07-21
128,100128.0,11.476348835266421,25.0,2022-02-20
129,,12.365369344610588,34.0,2022-08-27
130,,8.972462516743436,40.0,2022-08-27
131,100131.0,8.043783738148411,34.0,2022-05-10
132,,9.053602619709752,33.0,2022-03-25
133,100133.0,10.010455134232934,29.0,2022-03-30
134,,10.985060551262967,38.0,2022-07-16
135,100135.0,10.830175170110762,29.0,2022-11-01
136,100136.0,7.420347186515059,35.0,2022-01-07
137,100137.0,11.887682764587332,24.0,2022-05-31
138,100138.0,9.72132687434375,29.0,2022-01-02
139,100139.0,8.141911612767975,34.0,2022-12-19
140,100140.0,9.278903939587046,25.0,2022-03-27
141,100141.0,10.08865136708854,25.0,2022-10-05
142,,8.201702093841305,31.0,2022-06-03
143,,9.524111168428913,26.0,2022-08-26
144,100144.0,7.486826003031647,27.0,2022-06-19
145,,9.620472592881004,33.0,2022-05-16
146,100146.0,10.18563178200971,37.0,2022-12-30
147,100147.0,11.21801220444121,28.0,2022-09-30
148,100148.0,6.46000240683515,32.0,2022-01-22
149,,9.892034718458953,23.0,2022-12-24
150,100150.0,11.24855375262441,31.0,2022-09-14
151,,8.940099548657436,30.0,2022-06-22
152,100152.0,9.215567484667442,33.0,2022-01-02
153,100153.0,,23.0,2022-07-24
154,100154.0,,26.0,2022-01-29
155,100155.0,,30.0,2022-09-23
156,100156.0,,29.0,2022-10-04
157,100157.0,,47.0,2022-11-06
158,100158.0,11.903192856311017,30.0,2022-11-30
159,100159.0,10.722248365876343,37.0,2022-04-15
160,,7.179154920814298,32.0,2022-06-09
161,100161.0,8.510560905828772,32.0,2022-05-08
162,100162.0,8.459265825518836,38.0,2022-09-01
163,,9.676708180754934,40.0,2022-10-19
164,,10.590710565554403,28.0,2022-05-17
165,100165.0,12.82163954940307,22.0,2022-11-28
166,100166.0,10.391113523533805,24.0,2022-12-17
167,100167.0,12.253457171260774,16.0,2022-09-01
168,100168.0,8.856473832364461,27.0,2022-10-11
169,100169.0,11.617666530502646,31.0,2022-11-15
170,100170.0,9.504650545381974,23.0,2022-11-19
171,100171.0,10.50255851612173,28.0,2022-11-09
172,,8.492788852925832,25.0,2022-12-19
173,100173.0,5.421800822959509,40.0,2022-11-04
174,,11.133202399994566,35.0,2022-01-03
175,,9.218726952303305,23.0,2022-07-12
176,100176.0,12.56106301715966,24.0,2022-08-12
177,,12.193348207939708,25.0,2022-02-06
178,100178.0,11.654295600206927,29.0,2022-08-02
179,,8.809715970527652,40.0,2022-06-27
180,100180.0,7.729777169479159,33.0,2022-09-20
181,100181.0,10.844441824876863,24.0,2022-01-11
182,100182.0,12.898415302198098,22.0,2022-11-17
183,,7.482845580024929,26.0,2022-10-08
184,100184.0,10.853865419899073,33.0,2022-10-19
185,100185.0,9.835706674412934,28.0,2022-10-20
186,,11.207518107584216,30.0,2022-02-26
187,100187.0,9.801660533254033,35.0,2022-05-09
188,100188.0,11.215437604896824,27.0,2022-04-25
189,100189.0,9.839855037099873,22.0,2022-04-02
190,,8.093946022754238,34.0,2022-07-29
191,100191.0,12.117121475709428,26.0,2022-02-18
192,100192.0,6.993995403458352,37.0,2022-12-09
193,,12.40299736584528,21.0,2022-03-18
194,,9.983632374176617,24.0,2022-10-13
195,100195.0,10.029389138124138,33.0,2022-03-26
196,100196.0,9.810925954733216,38.0,2022-08-20
197,100197.0,10.16234594707276,31.0,2022-09-16
198,,9.892173508351075,26.0,2022-07-01
199,,8.939398574543457,40.0,2022-02-15
200,100200.0,7.369715522333678,38.0,2022-03-13
201,100201.0,8.270010550914494,36.0,
202,100202.0,10.678054352461398,39.0,
203,100203.0,8.439969858125448,38.0,
204,100204.0,6.809448657280461,37.0,
205,100205.0,11.202604439227585,25.0,
206,100206.0,11.978299074937711,31.0,2022-02-11
207,100207.0,9.18306523415363,34.0,2022-04-02
208,100208.0,13.352952800398217,21.0,2022-12-04
209,100209.0,3.4607910154053183,39.0,2022-03-02
210,,10.698563089257854,16.0,2022-10-15
211,100211.0,7.604359358242414,42.0,2022-06-09
212,,9.617522627278582,35.0,2022-04-18
213,100213.0,6.9690606526661085,42.0,2022-10-16
214,100214.0,10.848070203424326,12.0,2022-09-03
215,100215.0,7.617461673806314,34.0,2022-10-18
216,100216.0,9.329221029518134,40.0,2022-08-12
217,100217.0,7.5475144737114075,39.0,2022-09-18
218,,11.608415317417048,26.0,2022-10-29
219,100219.0,7.5205974130227515,32.0,2022-12-23
220,100220.0,6.343926165314106,35.0,2022-05-16
221,100221.0,,27.0,2022-09-03
222,100222.0,,33.0,2022-01-31
223,100223.0,,30.0,2022-05-18
224,100224.0,,34.0,2022-08-31
225,100225.0,,25.0,2022-10-08
226,100226.0,,31.0,2022-10-11
227,100227.0,6.067936917222706,37.0,2022-12-16
228,100228.0,7.0477022941361955,42.0,2022-08-28
229,100229.0,10.348319636127847,33.0,2022-01-10
230,,13.12745031338809,27.0,2022-07-06
231,,10.538266589457406,31.0,2022-02-08
232,100232.0,8.541544371574574,36.0,2022-07-26
233,,9.22530445352198,34.0,2022-11-20
234,100234.0,9.356954399592654,39.0,2022-07-02
235,,10.639210085746539,30.0,2022-05-22
236,100236.0,6.095145905308823,35.0,2022-11-15
237,100237.0,9.453493675145593,24.0,2022-07-12
238,,6.639374289746767,37.0,2022-12-28
239,100239.0,9.594082847916361,33.0,2022-02-23
240,,12.280975031256414,27.0,2022-03-30
241,,12.44539451399389,26.0,2022-11-22
242,100242.0,10.780950768578712,28.0,2022-11-11
243,100243.0,9.712223519350545,36.0,2022-02-19
244,,8.19215921737367,26.0,2022-03-16
245,100245.0,7.780401608945873,34.0,2022-03-21
246,100246.0,9.685374970675378,29.0,2022-06-09
247,100247.0,10.161266823542775,16.0,2022-02-20
248,100248.0,12.606032556785674,29.0,2022-08-23
249,100249.0,9.064901603869659,33.0,2022-03-30
250,100250.0,8.764314190902128,25.0,2022-11-18
251,,7.759005642994685,26.0,2022-08-30
252,100252.0,10.685999655657877,26.0,2022-10-26
253,,11.57158967540443,37.0,2022-11-11
254,100254.0,9.053408374382425,43.0,2022-03-07
255,100255.0,14.47566687519968,13.0,2022-05-18
256,100256.0,8.832237774375667,22.0,2022-11-22
257,100257.0,11.9428515824339,21.0,2022-11-07
258,100258.0,6.754186517715537,34.0,2022-02-07
259,,9.38699596595332,38.0,2022-02-06
260,100260.0,12.44403937759471,28.0,2022-12-14
261,,8.632315736660944,37.0,2022-01-31
262,100262.0,12.089850794515296,33.0,2022-09-26
263,100263.0,10.074984695534358,31.0,2022-01-14
264,,9.13004407012791,31.0,2022-09-05
265,100265.0,8.133183455229023,38.0,2022-11-11
266,100266.0,9.445761914963281,31.0,2022-12-29
267,100267.0,9.234596945702249,33.0,2022-10-16
268,100268.0,7.808463105696106,32.0,2022-03-24
269,,8.298318021591221,29.0,2022-05-03
270,100270.0,10.179063598658376,34.0,2022-03-09
271,100271.0,13.206556480260774,30.0,2022-09-28
272,100272.0,10.00528978668484,21.0,2022-08-31
273,,10.12669493774522,30.0,2022-04-02
274,100274.0,9.34141102008374,42.0,2022-12-09
275,,11.155819364197724,35.0,2022-06-06
276,100276.0,7.856217035325135,31.0,2022-01-05
277,,12.465767747994043,36.0,2022-08-30
278,100278.0,7.21774752426616,32.0,2022-11-22
279,100279.0,6.994837870773477,41.0,2022-02-06
280,100280.0,6.533331157044396,40.0,
281,100281.0,12.742102173277829,18.0,
282,100282.0,10.33848860029186,29.0,
283,100283.0,12.592380760881616,27.0,2022-06-20
284,100284.0,10.656564388670345,25.0,2022-06-08
285,100285.0,10.555376693041145,24.0,2022-11-06
286,,8.823428242111458,26.0,2022-05-07
287,100287.0,10.64416414908536,29.0,2022-11-27
288,100288.0,7.351867868301061,30.0,2022-03-11
289,100289.0,9.346041639703161,27.0,2022-07-29
290,100290.0,13.558769398895993,18.0,2022-05-14
291,100291.0,7.280386376247909,26.0,2022-08-03
292,,8.129816805492018,29.0,2022-04-17
293,,12.483743860757455,24.0,2022-02-17
294,100294.0,7.0465456190753955,33.0,2022-09-05
295,100295.0,7.880585514842833,26.0,2022-08-25
296,,6.585878756750445,34.0,2022-01-23
297,100297.0,6.8023231778804565,41.0,2022-11-19
298,100298.0,12.94794422169651,27.0,2022-07-29
299,,12.950433919462355,15.0,2022-06-06
300,100300.0,13.573106249553943,27.0,2022-03-25
301,,12.828583984043021,15.0,2022-06-01
302,100302.0,8.532321165472261,36.0,2022-09-08
303,100303.0,11.846694089229842,26.0,2022-06-11
304,100304.0,10.247539870549355,39.0,2022-11-13
305,100305.0,9.371128509163318,28.0,2022-12-10
306,,11.475014732690859,34.0,2022-07-03
307,,8.760615077410632,35.0,2022-07-26
308,100308.0,13.272663248374524,31.0,2022-02-04
309,100309.0,10.964129828655771,20.0,2022-03-01
310,,9.186994122420431,45.0,2022-09-12
311,100311.0,12.028535890856329,25.0,2022-02-18
312,100312.0,10.054349639843851,32.0,2022-09-29
313,,9.363112514468584,32.0,2022-05-11
314,100314.0,11.141957091116918,44.0,2022-06-09
315,,9.580284398037616,30.0,2022-06-01
316,,10.482070653960749,27.0,2022-04-05
317,100317.0,10.557756331316765,24.0,2022-04-21
318,100318.0,8.8927078071156,22.0,2022-06-27
319,100319.0,15.269543624877485,12.0,2022-09-25
320,100320.0,8.498357900117188,35.0,2022-02-01
321,,9.281968547747491,32.0,2022-03-02
322,,9.497874897543701,33.0,2022-03-18
323,100323.0,8.606298469004024,27.0,2022-05-10
324,100324.0,11.570900453086962,33.0,2022-08-17
325,100325.0,8.811785920713001,36.0,2022-05-22
326,100326.0,9.326334075019865,33.0,2022-03-18
327,100327.0,7.108655187910173,38.0,2022-02-15
328,100328.0,7.766315983720309,20.0,2022-10-10
329,100329.0,11.861201107647904,26.0,2022-07-31
330,,10.963664780118055,35.0,2022-02-23
331,,10.78707809477234,21.0,2022-01-14
332,100332.0,12.135248824650686,24.0,2022-06-12
333,100333.0,7.817156205733859,39.0,2022-12-03
334,,9.61949245768055,29.0,2022-08-06
335,,9.06708307859422,30.0,2022-02-28
336,,7.456729772875304,37.0,2022-11-06
337,,13.016361086711894,27.0,2022-01-23
338,100338.0,11.255666107668503,26.0,2022-07-20
339,100339.0,11.076422673761419,30.0,2022-09-03
340,100340.0,13.122909224372695,27.0,2022-11-17
341,100341.0,10.125514576219013,33.0,2022-02-27
342,,9.566426047134126,34.0,2022-02-04
343,100343.0,8.654516909595689,37.0,2022-02-05
344,100344.0,10.36846966355265,31.0,2022-07-06
345,100345.0,11.040921241951276,28.0,2022-05-15
346,100346.0,13.400863431735075,24.0,2022-09-23
347,,8.365815437869113,42.0,2022-04-14
348,100348.0,13.626405874551239,23.0,2022-08-03
349,,9.36160894403589,24.0,2022-08-15
350,100350.0,10.954599343223009,23.0,2022-11-19
351,100351.0,7.310873753251709,38.0,2022-09-13
352,100352.0,10.117970049320881,29.0,2022-07-24
353,100353.0,4.333516252557637,43.0,2022-04-10
354,,10.989199574642498,33.0,2022-01-11
355,100355.0,11.148667604025576,27.0,2022-06-30
356,100356.0,11.896491023783739,30.0,2022-12-18
357,100357.0,13.053735988257584,22.0,2022-11-15
358,100358.0,13.293694925482491,24.0,2022-10-20
359,,16.820651202532098,18.0,2022-11-19
360,100360.0,6.642912339331088,29.0,2022-11-01
361,100361.0,10.921190419690246,24.0,2022-09-26
362,100362.0,14.064229847865182,24.0,2022-04-17
363,,10.853664402196323,25.0,2022-05-18
364,,9.630910826664174,34.0,2022-05-04
365,100365.0,10.700540026008802,39.0,2022-12-28
366,100366.0,11.888955146954276,27.0,2022-11-07
367,100367.0,10.115521317867229,29.0,2022-04-18
368,100368.0,10.168792003576216,34.0,2022-06-28
369,100369.0,12.166006149777441,35.0,2022-12-23
370,100370.0,8.84600156965819,33.0,2022-05-24
371,100371.0,10.624018855686009,25.0,2022-06-16
372,100372.0,12.685376710087061,27.0,2022-01-18
373,100373.0,11.40478727622549,37.0,2022-11-29
374,100374.0,7.765165252626078,34.0,2022-01-27
375,100375.0,9.126896356443691,42.0,2022-08-03
376,100376.0,12.122595069261338,29.0,2022-02-16
377,,9.54833099372471,35.0,2022-11-04
378,,9.521701353178427,30.0,2022-03-15
379,,10.124129909189682,27.0,2022-10-13
380,,7.239877748564856,32.0,2022-11-01
381,100381.0,12.539851777310735,28.0,2022-10-23
382,100382.0,7.521683463494657,28.0,2022-01-03
383,100383.0,9.155470904890946,26.0,2022-12-17
384,100384.0,10.151305035213019,27.0,2022-07-14
385,100385.0,6.5131739093028935,45.0,2022-06-08
386,100386.0,11.115097471715977,18.0,2022-08-12
387,,7.6282943440528665,34.0,2022-08-16
388,,6.741634222581586,31.0,2022-04-03
389,,10.886887981385723,32.0,2022-07-02
390,100390.0,9.679522346509295,32.0,2022-05-24
391,100391.0,7.2316218585876575,34.0,2022-01-29
392,,11.594412295278854,29.0,2022-07-09
393,100393.0,7.018880017553041,45.0,2022-08-05
394,100394.0,9.583355347900577,26.0,2022-06-05
395,100395.0,6.18832405484471,41.0,2022-06-30
396,,9.911026200894657,20.0,2022-09-08
397,100397.0,8.690045269433664,32.0,2022-12-27
398,100398.0,12.586675024295435,18.0,2022-07-10
399,100399.0,11.075061008041729,38.0,2022-09-27
400,100400.0,11.40837221093614,27.0,2022-07-11
401,100401.0,13.139321433678244,20.0,2022-02-28
402,,7.285296835606459,36.0,2022-05-09
403,100403.0,10.840697440909647,27.0,2022-03-16
404,100404.0,10.338773383891876,27.0,2022-08-04
405,100405.0,10.68408132020047,34.0,2022-11-12
406,100406.0,11.220868118812504,25.0,2022-09-27
407,100407.0,6.757483598477668,31.0,2022-09-19
408,,7.341320304808679,31.0,2022-01-10
409,100409.0,9.834253193405607,28.0,2022-11-04
410,100410.0,10.876143822037939,36.0,2022-10-16
411,,11.12956660950098,32.0,2022-06-19
412,100412.0,9.592819096110471,31.0,2022-06-18
413,100413.0,9.704697515133432,31.0,2022-10-02
414,100414.0,11.509478779512143,23.0,2022-10-08
415,100415.0,11.329287007653285,24.0,2022-01-02
416,100416.0,10.64977063269449,22.0,2022-10-23
417,,10.783883479440508,31.0,2022-12-31
418,100418.0,8.593703403500514,28.0,2022-07-17
419,,5.876153005379439,40.0,2022-05-08
420,100420.0,8.068093629099959,35.0,2022-03-14
421,100421.0,10.701615163763945,30.0,2022-05-18
422,100422.0,8.971904020544475,33.0,2022-09-05
423,100423.0,9.775422971175281,39.0,2022-04-06
424,100424.0,13.721235982061303,20.0,2022-08-17
425,100425.0,8.914959265611689,40.0,2022-05-12
426,100426.0,14.838551028926233,20.0,2022-10-03
427,100427.0,6.474561923315446,26.0,2022-11-16
428,,7.860633884851692,29.0,2022-03-28
429,,10.120418121413515,34.0,2022-03-16
430,,11.433506991209548,28.0,2022-08-30
431,100431.0,7.986324500891089,36.0,2022-01-15
432,100432.0,6.252370366098528,39.0,2022-09-15
433,100433.0,8.76685539852426,37.0,2022-05-01
434,100434.0,9.717400334238071,32.0,2022-11-14
435,100435.0,9.210212763391269,27.0,2022-05-20
436,100436.0,9.679850622562098,26.0,2022-02-14
437,100437.0,11.682617250574767,22.0,2022-02-27
438,100438.0,8.519486234951625,34.0,2022-07-30
439,100439.0,9.04331454566913,37.0,2022-05-31
440,100440.0,12.369312507583857,31.0,2022-09-11
441,,8.96409995702153,28.0,2022-03-07
442,100442.0,10.345370533487708,32.0,2022-05-27
443,100443.0,11.461631386856112,25.0,2022-06-05
444,100444.0,7.710337605096569,25.0,
445,100445.0,16.03366860429752,21.0,
446,100446.0,9.852660204366044,33.0,
447,100447.0,12.937000338836784,27.0,
448,100448.0,11.745083398719576,36.0,
449,100449.0,11.286323997574087,27.0,
450,100450.0,11.21552664580748,23.0,
451,100451.0,7.122716372128016,26.0,
452,100452.0,9.167923986217673,38.0,2022-02-11
453,100453.0,10.610499738121899,17.0,2022-03-20
454,100454.0,8.878992546430478,38.0,2022-02-17
455,100455.0,7.144712708525721,36.0,2022-09-30
456,100456.0,9.976422282482902,26.0,2022-03-03
457,,11.828267533093934,11.0,2022-07-20
458,100458.0,11.259527786234914,30.0,2022-01-05
459,100459.0,9.608837232819628,20.0,2022-10-17
460,100460.0,8.07476135675817,35.0,2022-03-26
461,,8.393042839193894,35.0,2022-07-06
462,100462.0,9.936809969307424,33.0,2022-05-24
463,,8.651763048901046,31.0,2022-07-22
464,100464.0,10.83992441541602,27.0,2022-07-27
465,,11.24747351604244,32.0,2022-01-03
466,100466.0,7.909762372468927,31.0,2022-04-22
467,100467.0,11.765664278213018,34.0,2022-05-21
468,100468.0,10.88082232270581,31.0,2022-09-06
469,100469.0,8.891219721905781,32.0,2022-12-18
470,100470.0,7.65414216061445,35.0,2022-04-15
471,100471.0,9.029340900366975,38.0,2022-04-15
472,100472.0,8.35877019236621,32.0,2022-08-12
473,,7.260623336212753,37.0,2022-11-11
474,100474.0,9.658567069213463,34.0,2022-06-28
475,100475.0,9.51112840981135,25.0,2022-05-10
476,100476.0,6.9015836297284086,28.0,2022-01-06
477,100477.0,9.177965409688053,26.0,2022-11-27
478,,10.92254601224575,32.0,2022-01-25
479,100479.0,8.94176270087252,27.0,2022-09-06
480,,6.403077098304491,31.0,2022-08-31
481,,10.509829428930317,16.0,2022-07-20
482,,11.638252000314523,29.0,2022-11-07
483,,9.258843822403696,41.0,2022-04-26
484,100484.0,12.60320895812593,30.0,2022-02-10
485,100485.0,11.058897578577835,23.0,2022-03-22
486,100486.0,8.842743822168213,29.0,2022-02-12
487,100487.0,7.338412408100639,24.0,2022-10-28
488,100488.0,8.69772963151052,32.0,2022-04-05
489,,11.834016669618185,13.0,2022-08-02
490,,11.03292265292918,34.0,2022-02-19
491,,9.550982272068023,32.0,2022-09-08
492,100492.0,13.875537084722275,19.0,2022-03-12
493,100493.0,9.095488482429422,27.0,2022-11-12
494,100494.0,12.90476386346285,18.0,2022-09-09
495,,6.542183388881451,31.0,2022-09-25
496,100496.0,6.65224619310866,34.0,2022-04-25
497,100497.0,7.930326986271429,27.0,2022-05-13
498,,11.741937366558451,28.0,2022-02-16
499,100499.0,8.624429791635343,33.0,2022-11-26
500,100500.0,9.518007408533123,30.0,2022-05-05
501,100501.0,8.903785592909868,37.0,2022-05-04
502,100502.0,14.510996556202915,23.0,
503,100503.0,6.169657486822299,33.0,
504,100504.0,12.361682914287766,25.0,
505,100505.0,9.593576288553784,34.0,
506,100506.0,7.805505467617474,29.0,
507,100507.0,7.279354940880532,38.0,2022-11-23
508,100508.0,8.369578684132694,28.0,2022-01-11
509,100509.0,9.707553117809006,30.0,2022-07-10
510,100510.0,9.878130621456256,34.0,2022-11-24
511,100511.0,15.181868067058907,22.0,2022-06-11
512,100512.0,11.910618326899836,16.0,2022-07-02
513,,9.570469320666225,36.0,2022-09-16
514,100514.0,11.3847945913074,29.0,2022-11-30
515,100515.0,10.949717377297118,30.0,2022-06-20
516,,9.753973605962504,27.0,2022-05-06
517,100517.0,10.971425166393944,37.0,2022-01-06
518,100518.0,11.730014318163324,24.0,2022-06-29
519,100519.0,9.563610127865699,28.0,2022-06-19
520,,10.900486073736987,42.0,2022-12-03
521,100521.0,12.23294020106312,28.0,2022-05-24
522,100522.0,12.217164924356265,23.0,2022-04-25
523,100523.0,9.94865307310931,39.0,2022-01-03
524,100524.0,9.449821388067454,31.0,2022-07-15
525,,6.418215031595407,47.0,2022-01-21
526,100526.0,4.584434731434521,36.0,2022-11-18
527,100527.0,9.2377409226678,25.0,2022-06-17
528,,10.411940452492638,37.0,2022-10-02
529,100529.0,10.125682488791123,35.0,2022-09-13
530,,8.381028677117815,32.0,2022-05-10
531,100531.0,11.096963731347099,25.0,2022-08-28
532,,11.834645895711741,25.0,2022-06-12
533,100533.0,9.529226652702636,39.0,2022-03-24
534,,10.159227353520423,40.0,2022-07-25
535,100535.0,13.198640043560463,19.0,2022-11-05
536,100536.0,14.55445989681594,20.0,2022-07-26
537,100537.0,8.78426714157169,39.0,
538,100538.0,9.22115721774589,28.0,
539,100539.0,8.082615799119404,39.0,
540,100540.0,12.778829453402386,22.0,
541,100541.0,11.667381328644964,20.0,
542,100542.0,10.166008471512747,26.0,
543,100543.0,12.442806874406886,23.0,
544,100544.0,9.120371743685483,31.0,
545,100545.0,7.181834927362262,36.0,
546,100546.0,9.718909561851406,43.0,
547,100547.0,10.275055562736817,26.0,
548,100548.0,8.429650488618421,26.0,
549,100549.0,12.314159177202248,30.0,2022-08-30
550,100550.0,9.648928437415002,32.0,2022-02-28
551,100551.0,10.241582808148078,32.0,2022-10-17
552,100552.0,10.214335140293038,20.0,2022-01-02
553,100553.0,6.567224671263686,42.0,2022-11-19
554,,7.67172945464511,38.0,2022-07-24
555,100555.0,7.934069311313342,31.0,2022-07-06
556,100556.0,13.359790313458365,22.0,2022-01-10
557,100557.0,10.480959851853271,28.0,2022-06-09
558,100558.0,7.800543658036725,30.0,2022-01-02
559,100559.0,10.59147868143354,28.0,2022-08-24
560,,7.447635799343194,44.0,2022-07-19
561,100561.0,13.480075259950564,20.0,2022-05-04
562,100562.0,11.11251831714031,30.0,2022-07-18
563,100563.0,8.954963292857077,29.0,2022-01-02
564,,8.54613782716381,36.0,2022-03-14
565,,10.096071689253867,35.0,2022-08-01
566,100566.0,11.499378643897675,26.0,2022-10-30
567,100567.0,10.764062583629082,20.0,2022-10-26
568,100568.0,10.31315321433107,39.0,2022-05-12
569,100569.0,9.123643246638872,30.0,2022-08-10
570,100570.0,8.524346867994087,35.0,2022-07-22
571,,9.965580575026195,32.0,2022-08-02
572,100572.0,9.596938660553446,35.0,2022-04-10
573,100573.0,4.233136722483117,37.0,2022-02-14
574,,5.48045665038307,41.0,2022-06-20
575,,9.059216619335748,23.0,2022-01-27
576,100576.0,11.500267133542463,29.0,2022-06-25
577,100577.0,8.990052915657616,34.0,2022-12-09
578,100578.0,11.182047547563508,34.0,2022-11-19
579,,10.886739211526695,25.0,2022-05-17
580,100580.0,11.894362509252279,27.0,2022-12-18
581,,9.066851080230764,27.0,2022-04-01
582,100582.0,10.656096331732108,33.0,2022-12-20
583,100583.0,8.72737087734216,36.0,2022-11-02
584,100584.0,5.614967411205106,35.0,2022-08-02
585,,9.433520418008293,29.0,2022-10-29
586,100586.0,8.533312023969113,31.0,2022-12-27
587,100587.0,10.698245217177893,20.0,2022-01-14
588,100588.0,11.659234580533614,19.0,2022-10-11
589,100589.0,7.862386904261656,31.0,2022-04-17
590,100590.0,13.625076010553972,24.0,2022-03-24
591,100591.0,10.195999090917462,36.0,2022-01-10
592,,9.799947008133156,22.0,2022-12-11
593,100593.0,9.802218322807985,30.0,2022-10-11
594,100594.0,11.04004628679715,31.0,2022-08-05
595,100595.0,9.319914160416715,36.0,2022-07-16
596,,11.175898984260773,25.0,2022-04-15
597,,9.938533607412714,24.0,2022-06-18
598,100598.0,8.418259770948799,41.0,2022-07-15
599,,10.76307918663086,21.0,2022-10-19
600,100600.0,8.734476404598109,29.0,2022-02-11
601,,13.420047022151019,22.0,2022-09-19
602,100602.0,10.256260623553358,24.0,2022-02-14
603,,15.178604125089688,17.0,2022-06-20
604,100604.0,7.7706301891390055,30.0,2022-12-13
605,,10.287075401623762,29.0,2022-03-15
606,100606.0,12.800746542014418,21.0,2022-09-26
607,100607.0,8.971311742064218,29.0,2022-08-09
608,100608.0,12.013739579247344,22.0,2022-09-22
609,100609.0,8.056868762350138,28.0,2022-04-28
610,100610.0,7.016703760659424,36.0,2022-07-30
611,,9.192970872318838,28.0,2022-01-12
612,100612.0,11.588123558617353,26.0,2022-10-12
613,100613.0,11.501241764435331,26.0,2022-01-01
614,100614.0,8.292041060081294,29.0,2022-04-02
615,100615.0,6.066558597186061,30.0,2022-06-17
616,100616.0,7.852927072233051,37.0,2022-12-16
617,100617.0,10.602178312115733,26.0,2022-01-27
618,100618.0,6.2801701619056445,41.0,2022-06-21
619,100619.0,8.199543651608051,40.0,2022-02-14
620,100620.0,10.998648359399539,26.0,2022-08-05
621,100621.0,8.531614582357426,39.0,2022-05-05
622,100622.0,9.121314315696607,32.0,2022-02-05
623,100623.0,11.516244423989535,32.0,2022-01-16
624,100624.0,9.566408173202895,31.0,2022-11-07
625,,11.307839651293504,30.0,2022-07-24
626,100626.0,17.373628613908558,13.0,2022-11-02
627,,10.98114628995535,29.0,2022-11-30
628,100628.0,12.46375245692499,25.0,2022-05-10
629,100629.0,11.473023559809874,34.0,2022-06-27
630,100630.0,7.438662013860256,33.0,2022-05-23
631,100631.0,15.079258795106773,14.0,2022-02-20
632,100632.0,12.101785348231408,32.0,2022-05-14
633,,8.799640242271753,33.0,2022-01-23
634,100634.0,10.379966214891047,33.0,2022-03-22
635,100635.0,10.04062982706942,30.0,2022-02-27
636,100636.0,10.233384503783471,26.0,2022-07-03
637,100637.0,11.826400829296032,28.0,2022-09-26
638,100638.0,11.874595695130813,26.0,2022-11-15
639,100639.0,6.480353308925381,33.0,2022-12-25
640,100640.0,14.223305239880977,28.0,2022-07-27
641,100641.0,9.670470264661134,34.0,2022-10-23
642,100642.0,11.446635774985426,22.0,2022-02-01
643,100643.0,8.175880857831919,29.0,2022-08-07
644,100644.0,9.94779636013675,22.0,2022-04-28
645,100645.0,9.267897781613769,31.0,2022-01-27
646,100646.0,11.265173404153991,32.0,2022-01-23
647,100647.0,8.65849466169446,19.0,2022-03-28
648,100648.0,8.822855339065608,29.0,2022-07-15
649,100649.0,12.756508711910161,34.0,2022-07-14
650,100650.0,9.117756738958077,34.0,2022-11-02
651,100651.0,14.623861965033573,26.0,2022-12-14
652,100652.0,11.890223781440127,27.0,2022-05-28
653,,9.112639913881015,33.0,2022-06-15
654,100654.0,10.02052660699176,30.0,2022-04-09
655,,9.952157509258877,20.0,2022-08-10
656,100656.0,10.601369872461465,28.0,2022-12-06
657,100657.0,12.558007211085773,23.0,2022-09-04
658,100658.0,10.42728550494307,29.0,2022-01-26
659,100659.0,12.530329214761512,28.0,2022-03-18
660,100660.0,11.012825270867287,31.0,2022-06-12
661,100661.0,8.46653174704292,30.0,2022-06-15
662,100662.0,7.337787874597435,35.0,2022-06-21
663,,9.398274162239476,40.0,2022-04-30
664,100664.0,9.544885002738505,33.0,2022-02-08
665,100665.0,6.250489705039226,30.0,2022-02-14
666,100666.0,8.312759320589912,37.0,2022-03-11
667,,11.47471112846179,24.0,2022-05-14
668,100668.0,11.447983660044004,27.0,2022-10-13
669,100669.0,13.482879075906995,23.0,2022-10-08
670,100670.0,9.83219858549026,39.0,2022-12-19
671,100671.0,4.429491229012491,39.0,2022-12-06
672,,7.055220372767177,27.0,2022-05-28
673,,9.52166758238009,21.0,2022-11-25
674,100674.0,10.693715928831052,27.0,2022-12-25
675,,11.981427258315213,29.0,2022-03-06
676,,14.006116241558122,25.0,2022-06-21
677,100677.0,8.998022633734326,30.0,2022-06-07
678,100678.0,6.533231952630105,33.0,2022-08-28
679,100679.0,7.24291394922478,43.0,2022-08-20
680,100680.0,8.092674899439443,33.0,2022-04-30
681,100681.0,10.173037773059422,22.0,2022-08-20
682,100682.0,11.70264964813256,22.0,2022-08-01
683,,11.537841713460967,20.0,2022-03-01
684,100684.0,9.820004760568963,26.0,2022-11-03
685,100685.0,9.437894322741066,36.0,2022-07-10
686,100686.0,10.660240005761507,29.0,2022-12-22
687,,10.283904293217729,39.0,2022-05-02
688,100688.0,10.364334259958444,27.0,2022-07-06
689,,11.08188660404686,29.0,2022-10-28
690,100690.0,5.607836715762069,36.0,2022-01-29
691,100691.0,7.798659877299297,34.0,2022-11-20
692,100692.0,7.556298716866021,40.0,2022-07-17
693,100693.0,7.373134713583992,31.0,2022-02-03
694,,12.795334750292556,18.0,2022-01-01
695,100695.0,12.223707859794528,28.0,2022-06-18
696,100696.0,5.252149470489333,33.0,2022-09-16
697,,12.508242839212398,32.0,2022-02-23
698,100698.0,10.297162272688514,24.0,2022-08-07
699,100699.0,10.037058233120716,21.0,2022-08-15
700,,11.992044178708777,30.0,2022-05-16
701,100701.0,7.4284942634543025,37.0,2022-03-22
702,100702.0,11.305867438366562,21.0,2022-10-01
703,100703.0,13.379962959358764,22.0,2022-02-18
704,100704.0,10.24308613986285,25.0,2022-01-05
705,100705.0,11.70326393242697,26.0,2022-09-17
706,100706.0,9.009873611558383,39.0,2022-11-03
707,100707.0,8.304074144458681,28.0,2022-01-03
708,,8.077884958599995,29.0,2022-09-04
709,100709.0,8.017634409906462,30.0,2022-09-15
710,100710.0,8.395030930057064,35.0,2022-08-22
711,100711.0,9.755290312312791,28.0,2022-07-09
712,100712.0,8.205912952977432,40.0,2022-02-19
713,,14.403214707138279,26.0,2022-12-12
714,100714.0,8.764681200735104,18.0,2022-12-15
715,,11.53444030049106,30.0,2022-08-26
716,,10.491967950570075,25.0,2022-04-06
717,100717.0,9.825766754160473,34.0,2022-10-06
718,100718.0,7.9810948915085085,28.0,2022-10-13
719,100719.0,9.408477945954592,23.0,2022-02-18
720,100720.0,9.63167282573221,22.0,2022-10-16
721,100721.0,10.860797049954563,31.0,2022-03-19
722,,8.689236320215752,31.0,2022-07-31
723,,11.545975105702492,20.0,2022-06-29
724,100724.0,11.261327685919012,22.0,2022-11-08
725,100725.0,11.252214052982328,34.0,2022-05-25
726,100726.0,9.981181583484917,23.0,2022-04-30
727,100727.0,9.99685981044734,30.0,2022-07-28
728,100728.0,8.173411375839434,32.0,2022-06-22
729,100729.0,11.14312122015849,31.0,2022-08-08
730,100730.0,10.55221339053423,25.0,2022-04-02
731,100731.0,6.222148290226727,34.0,2022-09-22
732,,7.189026204873868,37.0,2022-05-20
733,,7.878833664438826,30.0,2022-05-19
734,100734.0,10.078916931379224,26.0,2022-04-22
735,,9.879719907874549,34.0,2022-01-18
736,,9.747353238512114,35.0,2022-03-02
737,,10.377959261802435,21.0,2022-06-26
738,100738.0,10.896528071705712,35.0,2022-07-12
739,,8.856520285573254,22.0,2022-11-06
740,100740.0,11.602870704719633,25.0,2022-11-04
741,,11.659075135593447,27.0,2022-11-27
742,100742.0,12.131211920643032,31.0,2022-12-15
743,100743.0,9.88076734221569,35.0,2022-01-01
744,100744.0,11.842399146525963,24.0,2022-08-28
745,,10.657519485814651,29.0,2022-07-16
746,100746.0,7.955133474365304,32.0,2022-08-29
747,100747.0,12.941217316908682,27.0,2022-08-03
748,100748.0,9.516367659943873,29.0,2022-11-30
749,100749.0,8.978548763403497,35.0,2022-11-18
750,100750.0,10.364765732798212,24.0,2022-10-09
751,,9.139540831071685,38.0,2022-12-03
752,100752.0,8.128303495758795,33.0,2022-03-14
753,,8.640882198368956,37.0,2022-06-06
754,,13.385403689192197,20.0,2022-06-05
755,100755.0,11.345358862894289,35.0,2022-02-17
756,100756.0,7.266563516856781,35.0,2022-08-24
757,100757.0,10.284596232459934,35.0,2022-05-24
758,100758.0,6.530029536130781,45.0,2022-10-03
759,100759.0,9.71537772048603,30.0,2022-06-28
760,100760.0,11.04611622574508,28.0,2022-01-10
761,100761.0,9.97480249078838,19.0,2022-03-11
762,100762.0,11.33326643581339,27.0,2022-04-10
763,100763.0,8.829972616370409,38.0,2022-03-20
764,100764.0,10.620864292103493,27.0,2022-08-02
765,,11.508454306276164,30.0,2022-12-23
766,,11.587956184760635,24.0,2022-07-02
767,100767.0,9.92723029468679,35.0,2022-12-16
768,100768.0,7.104701841266666,36.0,2022-10-06
769,100769.0,8.97525537724853,37.0,2022-10-27
770,100770.0,9.382005170627364,34.0,2022-07-27
771,100771.0,6.507473702433522,36.0,2022-04-07
772,100772.0,8.612064881192234,34.0,2022-07-16
773,100773.0,7.371993485507554,29.0,2022-04-23
774,100774.0,7.31837066616794,34.0,2022-07-24
775,100775.0,9.586895154466054,45.0,2022-07-23
776,100776.0,10.833424186308946,27.0,2022-11-13
777,100777.0,7.985466101256259,36.0,2022-04-29
778,,7.763742229149047,32.0,2022-04-01
779,100779.0,9.190318203789841,25.0,2022-04-22
780,,8.865567063095863,37.0,2022-10-20
781,,13.637416425349112,25.0,2022-07-15
782,,6.819000770910733,36.0,2022-11-09
783,100783.0,7.008975858561371,38.0,2022-04-26
784,,14.11257980616113,19.0,2022-02-23
785,100785.0,8.329422380994068,33.0,2022-06-24
786,100786.0,10.475867515105502,24.0,2022-02-12
787,100787.0,10.656856648928336,21.0,2022-11-17
788,,7.49374818393135,31.0,2022-09-11
789,100789.0,4.811312371760017,43.0,2022-12-01
790,100790.0,8.75858659982771,34.0,2022-10-06
791,100791.0,11.735873686724645,24.0,2022-03-04
792,100792.0,8.364758908576055,34.0,2022-01-10
793,100793.0,9.761609789224922,25.0,2022-07-31
794,100794.0,8.500778150091975,40.0,2022-10-19
795,100795.0,4.269525814326102,42.0,2022-06-17
796,,11.651445011423514,29.0,2022-06-05
797,,6.63384979581094,35.0,2022-11-21
798,100798.0,11.724353045544477,19.0,2022-12-25
799,100799.0,7.315608187802107,29.0,2022-07-09
800,100800.0,8.646991102219664,34.0,2022-07-03
801,100801.0,7.558852785228775,41.0,2022-11-21
802,100802.0,11.4854585413939,25.0,2022-11-09
803,100803.0,7.710768450068954,40.0,2022-12-05
804,100804.0,10.495171566228478,29.0,2022-12-24
805,100805.0,7.276208642566928,38.0,2022-02-10
806,100806.0,9.373675556197371,31.0,2022-07-25
807,100807.0,6.355202181323078,32.0,2022-05-21
808,,9.833791653487983,27.0,2022-03-10
809,100809.0,10.39513692546145,35.0,2022-06-10
810,100810.0,8.097912200032125,34.0,2022-07-04
811,100811.0,9.235444047757492,27.0,2022-05-17
812,100812.0,11.64139746200378,26.0,2022-06-30
813,100813.0,7.552869381251181,25.0,2022-11-01
814,100814.0,9.247024963328533,30.0,2022-09-05
815,100815.0,11.01787870139659,23.0,2022-07-21
816,,7.418060085093769,33.0,2022-07-25
817,100817.0,11.823582789520952,30.0,2022-11-06
818,100818.0,11.820387639113488,25.0,2022-06-03
819,100819.0,6.366553923610722,35.0,2022-08-14
820,100820.0,11.067520616770015,30.0,2022-04-06
821,100821.0,11.105812282200999,18.0,2022-03-21
822,,7.158765607418767,39.0,2022-11-28
823,100823.0,11.215941729829119,33.0,2022-05-28
824,100824.0,8.315771764077075,41.0,2022-10-14
825,100825.0,7.934051694418189,35.0,2022-01-29
826,100826.0,8.034606759423705,34.0,2022-07-23
827,100827.0,9.613612283863414,33.0,2022-09-12
828,100828.0,6.67432077959478,38.0,2022-12-25
829,,14.826751511874683,22.0,2022-05-22
830,,10.595627256082112,31.0,2022-05-16
831,100831.0,7.8921720552359425,27.0,2022-05-30
832,100832.0,10.789182894317408,30.0,2022-07-29
833,100833.0,7.341660266046591,39.0,2022-12-10
834,,11.434645967807601,25.0,2022-06-12
835,,8.551991964158592,33.0,2022-11-03
836,100836.0,14.219764093948074,28.0,2022-04-27
837,100837.0,11.147551947886292,27.0,2022-04-20
838,100838.0,9.413585977070625,32.0,2022-06-09
839,,10.057917948790562,25.0,2022-06-05
840,100840.0,10.868784306474366,25.0,2022-12-09
841,100841.0,8.212602376048372,35.0,2022-10-21
842,,9.645450422848398,28.0,2022-05-14
843,100843.0,9.36295234501457,26.0,2022-11-08
844,100844.0,4.693879144005651,37.0,2022-07-18
845,,10.917942394664246,29.0,2022-08-25
846,100846.0,10.323249243023275,35.0,2022-09-28
847,100847.0,11.840410117629581,21.0,2022-01-08
848,100848.0,9.084058046026334,34.0,2022-08-10
849,100849.0,9.52048596524125,40.0,2022-04-24
850,100850.0,10.795410166820467,22.0,2022-08-30
851,100851.0,9.107538819668598,38.0,2022-07-30
852,100852.0,8.211374348567508,41.0,2022-12-18
853,100853.0,8.94477001972296,40.0,2022-09-16
854,,10.611050679506448,36.0,2022-10-13
855,,8.287108277153646,37.0,2022-07-08
856,100856.0,8.85340811322455,25.0,2022-12-08
857,100857.0,7.2877452619607705,32.0,2022-07-02
858,100858.0,12.945002988324468,28.0,2022-01-02
859,100859.0,10.036545762462808,21.0,2022-06-21
860,100860.0,9.169139415196527,33.0,2022-08-11
861,,7.5403289255439105,43.0,2022-04-15
862,100862.0,7.313191878203854,29.0,2022-04-24
863,100863.0,13.614243144074589,21.0,2022-11-25
864,100864.0,6.627256491165553,40.0,2022-06-08
865,100865.0,8.108833213763987,31.0,2022-12-18
866,100866.0,10.678863508281006,24.0,2022-12-06
867,100867.0,10.187799621257744,34.0,2022-09-13
868,100868.0,9.745324930206118,30.0,2022-11-21
869,100869.0,11.085318659927347,21.0,2022-12-23
870,,13.79017037887457,26.0,2022-03-07
871,100871.0,11.373878963920445,28.0,2022-07-01
872,100872.0,10.430439869753792,30.0,2022-08-26
873,100873.0,10.264389339759479,29.0,2022-03-16
874,100874.0,10.584129884354173,21.0,2022-12-20
875,,12.713155250343977,20.0,2022-06-14
876,100876.0,7.7652122159991315,40.0,2022-09-02
877,100877.0,10.949862740808841,24.0,2022-12-07
878,100878.0,9.354863820381706,30.0,2022-08-24
879,,10.7046272807721,27.0,2022-05-31
880,,9.768925824041094,34.0,2022-11-23
881,100881.0,7.752531242558468,36.0,2022-09-09
882,100882.0,9.046825655320012,29.0,2022-05-25
883,100883.0,7.557020300131404,29.0,2022-12-05
884,100884.0,9.310141775270496,28.0,2022-05-20
885,100885.0,9.575306523875659,32.0,2022-11-26
886,100886.0,6.98900414342138,37.0,2022-06-09
887,100887.0,9.87521766788821,36.0,2022-04-26
888,100888.0,9.29774934086944,32.0,2022-02-27
889,100889.0,12.030930022658485,22.0,2022-04-13
890,100890.0,11.008119025892658,25.0,2022-07-20
891,100891.0,7.459578229893079,37.0,2022-06-24
892,,10.333509482102055,31.0,2022-06-25
893,100893.0,11.941758710357881,30.0,2022-06-01
894,100894.0,10.188507506040162,34.0,2022-09-29
895,100895.0,9.314191044986483,32.0,2022-08-07
896,100896.0,10.454695317939374,32.0,2022-11-02
897,100897.0,7.772756550052414,31.0,2022-10-12
898,,11.11453340128294,18.0,2022-10-01
899,100899.0,8.963464267740822,37.0,2022-09-18
900,,13.522467573449678,23.0,2022-10-01
901,100901.0,9.047621221579497,30.0,2022-04-05
902,100902.0,10.416535883463405,27.0,2022-04-22
903,100903.0,,28.0,2022-09-28
904,100904.0,,32.0,2022-01-14
905,100905.0,,38.0,2022-05-04
906,100906.0,,33.0,2022-01-24
907,100907.0,,25.0,2022-11-08
908,100908.0,,32.0,2022-03-20
909,100909.0,,39.0,2022-11-11
910,100910.0,,36.0,2022-06-20
911,100911.0,,34.0,2022-09-07
912,100912.0,,30.0,2022-10-02
913,100913.0,,35.0,2022-07-24
914,100914.0,,25.0,2022-12-19
915,100915.0,9.769554486673877,31.0,2022-03-15
916,100916.0,8.490204630354881,33.0,2022-07-08
917,100917.0,11.98151777650351,27.0,2022-10-21
918,100918.0,10.608515532279299,35.0,2022-05-04
919,100919.0,8.415476962749935,41.0,2022-12-05
920,100920.0,12.200961599721552,26.0,2022-06-13
921,,10.029262019479145,34.0,2022-02-11
922,,11.224671853298833,31.0,2022-06-07
923,100923.0,13.021050604777002,22.0,2022-02-11
924,,7.519351718730411,22.0,2022-09-03
925,100925.0,7.262994824410566,34.0,2022-05-27
926,100926.0,7.715553555611402,38.0,2022-06-01
927,100927.0,9.33571441808336,39.0,2022-08-07
928,100928.0,11.845466524016532,18.0,2022-11-10
929,100929.0,12.239837573522589,27.0,2022-03-30
930,,13.513568022204442,27.0,2022-01-27
931,100931.0,9.567067343675447,31.0,2022-06-04
932,100932.0,7.374943479840133,38.0,2022-08-11
933,100933.0,8.579539208397371,26.0,2022-07-22
934,100934.0,7.184166506197249,41.0,2022-02-12
935,100935.0,9.432084073405555,26.0,2022-07-21
936,100936.0,10.572185348725391,26.0,2022-11-26
937,100937.0,7.635927022085867,33.0,2022-05-03
938,,9.07607316158849,31.0,2022-07-05
939,100939.0,9.506768123764598,31.0,2022-12-15
940,100940.0,7.224305387026492,30.0,2022-07-11
941,100941.0,11.658691308556948,27.0,2022-08-21
942,100942.0,9.849733666267982,38.0,2022-08-03
943,100943.0,12.031294234623918,22.0,2022-11-08
944,100944.0,12.606580117056797,24.0,2022-09-12
945,100945.0,12.609239665090831,30.0,2022-01-27
946,100946.0,12.330016065192606,22.0,2022-05-15
947,100947.0,9.497082626750565,24.0,2022-06-20
948,100948.0,8.999227938060631,35.0,2022-10-08
949,,11.668648308332404,33.0,2022-07-12
950,,10.264306347174507,27.0,2022-03-23
951,,9.301073544994981,33.0,2022-01-12
952,100952.0,12.45611762808816,24.0,2022-07-17
953,100953.0,9.047959908702458,33.0,2022-02-17
954,100954.0,8.909730225741612,28.0,2022-01-23
955,100955.0,10.462585080174444,19.0,2022-11-13
956,,7.228421438758545,36.0,2022-02-08
957,,11.708708575045664,26.0,2022-08-27
958,100958.0,14.49674545895622,20.0,2022-08-05
959,100959.0,8.958851652098938,29.0,2022-04-03
960,100960.0,12.63681671842616,24.0,2022-11-05
961,100961.0,11.854094484453626,23.0,2022-07-01
962,100962.0,9.051676823065302,31.0,2022-04-19
963,100963.0,9.975820033933767,35.0,2022-06-01
964,100964.0,7.368691822414747,34.0,2022-03-04
965,100965.0,9.586562250229525,35.0,2022-01-05
966,,5.964734462658179,41.0,2022-12-10
967,100967.0,5.492706341420643,45.0,2022-09-18
968,100968.0,5.4653642156654945,25.0,2022-05-20
969,100969.0,9.174887593998598,37.0,2022-09-20
970,100970.0,11.634893660864188,34.0,2022-09-18
971,,8.098757126839292,36.0,2022-12-26
972,100972.0,7.328903682732785,34.0,2022-02-17
973,100973.0,11.582777256043906,30.0,2022-04-03
974,100974.0,11.886278306265515,28.0,2022-12-02
975,100975.0,11.813340905366681,27.0,2022-06-17
976,,10.806046123805734,24.0,2022-08-01
977,100977.0,11.40216830795001,25.0,2022-02-26
978,100978.0,9.557578542841812,36.0,2022-06-09
979,100979.0,8.857285462859643,33.0,2022-06-23
980,100980.0,11.70279854542995,29.0,2022-08-28
981,,8.966863079723392,38.0,2022-12-14
982,100982.0,8.009725048128704,34.0,2022-09-15
983,,11.925346853884092,23.0,2022-12-07
984,100984.0,10.67124939798475,28.0,2022-09-08
985,100985.0,10.555706862335718,20.0,2022-07-06
986,,11.169730431755049,25.0,2022-01-06
987,,11.414060957177506,23.0,2022-06-02
988,,8.833202817490601,35.0,2022-09-20
989,100989.0,6.677714075284525,29.0,2022-12-27
990,100990.0,7.518398269941604,33.0,2022-10-09
991,100991.0,11.843440627022812,21.0,2022-09-15
992,100992.0,11.001711384037959,32.0,2022-05-26
993,100993.0,10.784996138891774,31.0,2022-03-06
994,100994.0,7.077541612495668,33.0,2022-03-30
995,,8.250127291421485,33.0,2022-08-19
996,100996.0,11.532507872857511,15.0,2022-11-20
997,100997.0,8.763728356510846,38.0,2022-04-15
998,100998.0,12.148951561684402,22.0,2022-09-29
999,,12.252955742494454,24.0,2022-05-06
1000,,8.559700193978069,36.0,2022-03-03
